date_time,temperature,humidity,wind_speed,holiday,working_day,weather_condition,rentals
2023-01-01 00:00:00,16.236203565420876,41.10797573031718,7.851170512077179,0,1,Clear,362
2023-01-01 01:00:00,33.52142919229748,62.514056842701486,7.409363972159994,0,1,Clear,592
2023-01-01 02:00:00,26.959818254342153,82.37675015258449,27.1876374156311,0,1,Cloudy,325
2023-01-01 03:00:00,22.959754525911098,73.93349318457368,7.486385995485183,0,0,Clear,300
2023-01-01 04:00:00,9.680559213273096,78.39366887168698,8.15849178385893,0,0,Cloudy,0
2023-01-01 05:00:00,9.67983561008608,69.52700200264304,22.78194787253891,0,1,Clear,131
2023-01-01 06:00:00,6.742508365045984,71.53659387107115,13.4921952735162,1,0,Cloudy,0
2023-01-01 07:00:00,30.985284373248057,80.95173909391916,23.301316708655435,0,1,Cloudy,425
2023-01-01 08:00:00,23.033450352296263,44.98008053155116,1.9609847269315572,0,1,Clear,541
2023-01-01 09:00:00,26.242177333881365,59.36549781858843,14.62713581020153,0,0,Clear,378
2023-01-01 10:00:00,5.617534828874073,43.27256650917613,1.008408005498479,0,0,Clear,165
2023-01-01 11:00:00,34.09729556485983,89.26008047979882,1.8795961036606357,0,1,Cloudy,480
2023-01-01 12:00:00,29.973279224012654,86.64356038119679,27.193123600332328,0,1,Clear,415
2023-01-01 13:00:00,11.370173320348284,32.365608682110356,4.177361133527855,0,0,Cloudy,282
2023-01-01 14:00:00,10.454749016213018,72.33451035094131,15.972620468256514,0,1,Clear,154
2023-01-01 15:00:00,10.502135295603015,85.51489904493995,12.332868078021196,0,1,Clear,39
2023-01-01 16:00:00,14.127267288786133,40.83452070764001,10.42029978776528,0,1,Clear,333
2023-01-01 17:00:00,20.742692948967136,64.07671383315777,26.995000370618175,0,1,Clear,315
2023-01-01 18:00:00,17.958350559263472,84.92929785528251,0.654701903264685,0,1,Clear,298
2023-01-01 19:00:00,13.736874205941257,32.03675871514793,19.913690585267673,0,1,Cloudy,373
2023-01-01 20:00:00,23.355586841671386,71.84521603481039,28.901833026406514,0,1,Cloudy,293
2023-01-01 21:00:00,9.184815819561255,47.840940442353045,16.805045503855258,0,1,Clear,228
2023-01-01 22:00:00,13.764339456056545,85.46377172259183,28.104673860992754,0,1,Rainy,68
2023-01-01 23:00:00,15.99085529881075,88.26349470992207,1.567736378580713,0,1,Cloudy,209
2023-01-02 00:00:00,18.682099526511077,86.65598934680604,12.563799572224841,0,1,Rainy,134
2023-01-02 01:00:00,28.555278841790408,58.45285299944783,7.804733728861535,0,1,Clear,577
2023-01-02 02:00:00,10.990213464750791,81.7225590593588,21.924628949421894,1,0,Clear,0
2023-01-02 03:00:00,20.42703315240835,80.67296391210422,29.4389127149174,0,0,Clear,151
2023-01-02 04:00:00,22.772437065861276,49.14602839459534,7.6959018733274345,0,1,Cloudy,409
2023-01-02 05:00:00,6.3935123815999315,79.73492844904064,19.625238044222233,0,1,Clear,72
2023-01-02 06:00:00,23.22634555704315,32.220458082929554,5.942928982792203,0,1,Clear,603
2023-01-02 07:00:00,10.115723710618745,65.77619270892318,16.959907637148298,0,1,Clear,191
2023-01-02 08:00:00,6.9515477895583855,43.80053023726218,13.917974600650085,0,0,Clear,94
2023-01-02 09:00:00,33.466566117599996,37.23401314663673,29.16015988894611,0,1,Cloudy,641
2023-01-02 10:00:00,33.96896099223678,34.61719209775255,18.255818180893996,0,0,Clear,523
2023-01-02 11:00:00,29.251920443493834,71.77732655268838,10.485191162604563,0,1,Clear,436
2023-01-02 12:00:00,14.13841307520112,50.39249782608397,3.422873546638001,0,1,Cloudy,401
2023-01-02 13:00:00,7.930163420191516,73.48600629172569,4.537404862048037,1,0,Rainy,0
2023-01-02 14:00:00,25.526990795364707,33.92138044793654,6.759507898537053,0,1,Cloudy,594
2023-01-02 15:00:00,18.20457481218804,48.91742026983662,7.5289998402089395,0,1,Rainy,357
2023-01-02 16:00:00,8.661147045343364,62.36947754252023,25.518481735234133,0,1,Cloudy,174
2023-01-02 17:00:00,19.855307303338105,77.44338989033781,16.83668364847575,1,0,Clear,61
2023-01-02 18:00:00,6.031655633456552,49.1251501759242,15.701727341230994,0,1,Clear,82
2023-01-02 19:00:00,32.27961206236346,67.55348258622054,3.443066156076524,0,1,Cloudy,575
2023-01-02 20:00:00,12.763399448000508,83.15866489417122,25.80419080048305,0,1,Cloudy,97
2023-01-02 21:00:00,24.87566853061946,66.95179129093827,21.68442909625451,0,1,Cloudy,433
2023-01-02 22:00:00,14.351332282682328,43.97756848521803,2.0300508570000475,0,1,Clear,335
2023-01-02 23:00:00,20.602040635334326,31.464046893392283,21.23505291689306,0,1,Clear,329
2023-01-03 00:00:00,21.40130838029839,82.2059324340558,16.30614652027938,0,1,Clear,275
2023-01-03 01:00:00,10.545633665765811,31.27616465102323,2.4517603724033474,0,1,Clear,409
2023-01-03 02:00:00,34.08753883293676,82.48210036105196,13.749019245859694,0,1,Clear,373
2023-01-03 03:00:00,28.253984700833435,61.73622804163272,14.540888613901409,0,1,Cloudy,423
2023-01-03 04:00:00,33.18496824692567,86.34406191077377,4.973236204898273,0,1,Clear,589
2023-01-03 05:00:00,31.844820512829465,77.92699414641993,28.37094441000847,0,1,Clear,388
2023-01-03 06:00:00,22.936999364332554,89.87604663200025,25.499261144419858,0,1,Clear,255
2023-01-03 07:00:00,32.6562270506935,51.04270892710261,20.07067011987325,1,0,Cloudy,342
2023-01-03 08:00:00,7.654775061557585,76.03129733586762,13.868866830018217,0,1,Clear,0
2023-01-03 09:00:00,10.879485872574357,54.11585481655453,12.352966247535255,0,0,Clear,147
2023-01-03 10:00:00,6.356818667316142,58.79253721823453,19.529204014528624,0,1,Clear,130
2023-01-03 11:00:00,14.759909922897931,67.6503277931022,16.362956082207162,1,0,Clear,14
2023-01-03 12:00:00,16.66031869068446,82.42062685118033,1.8681931764565685,0,1,Rainy,226
2023-01-03 13:00:00,13.140470953216877,89.0450081519577,15.375079463109952,0,1,Rainy,119
2023-01-03 14:00:00,29.86212527455788,76.0964048318711,24.192108516985186,0,1,Clear,387
2023-01-03 15:00:00,15.702599800807679,55.066006930040025,13.777196327908742,0,1,Clear,256
2023-01-03 16:00:00,13.428035290621423,55.28142013662421,1.5586973266280524,0,1,Cloudy,345
2023-01-03 17:00:00,21.280882494747456,74.25493809533349,23.588345981520995,0,0,Clear,80
2023-01-03 18:00:00,9.22772674924288,44.32662874609814,6.040913464079232,0,0,Clear,96
2023-01-03 19:00:00,29.06590942262119,36.62844678788368,7.758625046641163,1,0,Clear,467
2023-01-03 20:00:00,7.236519310393125,51.277329458446594,4.941190602968877,0,1,Rainy,263
2023-01-03 21:00:00,34.60660809801552,47.2343394992449,9.906451946144927,0,1,Clear,650
2023-01-03 22:00:00,28.167343078899723,47.778487227359406,22.70254517065905,0,1,Clear,446
2023-01-03 23:00:00,10.961470446025173,44.0164650629946,15.58157578511812,0,1,Cloudy,262
2023-01-04 00:00:00,5.165663513708072,32.525591378181716,6.1464382245213764,0,1,Clear,283
2023-01-04 01:00:00,29.463842853645026,31.072436084004828,26.334902344561225,0,1,Clear,528
2023-01-04 02:00:00,26.205720315428515,89.2633433841619,26.387455648545874,0,1,Rainy,231
2023-01-04 03:00:00,26.87021504122962,55.66638802415174,26.117352751380206,1,0,Clear,279
2023-01-04 04:00:00,28.138110400578373,53.0595988295809,7.163886341446179,1,0,Cloudy,407
2023-01-04 05:00:00,7.221339552022711,70.77883696158419,13.537180325429643,0,1,Clear,93
2023-01-04 06:00:00,15.753971856328178,43.09523327190385,29.54968968422625,0,1,Clear,370
2023-01-04 07:00:00,8.476071785753891,86.99767103701352,23.16037428929971,1,0,Clear,0
2023-01-04 08:00:00,30.893102776267806,77.18070086493313,0.8150226367667945,0,1,Clear,508
2023-01-04 09:00:00,23.698943804826737,35.36466013873557,1.9561377378147615,1,0,Clear,333
2023-01-04 10:00:00,14.926940745579476,55.0548465470957,13.917941304369982,0,1,Cloudy,322
2023-01-04 11:00:00,6.906750508580709,82.74709845372988,27.276606175846805,0,1,Clear,0
2023-01-04 12:00:00,14.329469651469866,86.68392133748462,16.161053938581425,0,1,Clear,199
2023-01-04 13:00:00,14.75549966080241,58.044090674992184,14.934375241028707,0,0,Clear,143
2023-01-04 14:00:00,26.88818535014192,66.80468335264246,3.1642109986989175,0,0,Cloudy,391
2023-01-04 15:00:00,24.126724140656393,40.02203676552451,19.70340314172882,0,1,Clear,489
2023-01-04 16:00:00,31.616382277289794,89.4701175682186,24.663094818006766,0,1,Clear,345
2023-01-04 17:00:00,19.166447754858478,43.9003020830066,11.41260022522687,0,0,Clear,325
2023-01-04 18:00:00,8.58782737814905,86.56390644810755,23.268355527759823,0,1,Clear,0
2023-01-04 19:00:00,26.39734361668985,68.9787989395421,28.934299617024347,1,0,Clear,164
2023-01-04 20:00:00,27.823551458506923,66.46420769273155,6.112993773830673,0,1,Cloudy,464
2023-01-04 21:00:00,21.83831592708489,60.76131066099052,15.699888935842239,0,1,Clear,389
2023-01-04 22:00:00,28.12901539863683,43.84018870306552,8.614138742537266,0,1,Clear,581
2023-01-04 23:00:00,19.81386789093172,40.591681920330494,23.78563257101518,0,1,Clear,463
2023-01-05 00:00:00,20.681984881459822,43.22917254421052,17.327800976434727,1,0,Cloudy,288
2023-01-05 01:00:00,17.826230550756488,41.186295728655274,19.037472526509113,0,0,Clear,252
2023-01-05 02:00:00,5.762573802322856,76.7750684140052,23.93742478847682,0,1,Clear,74
2023-01-05 03:00:00,8.236742809799134,51.0075155500038,11.879114179873646,0,0,Clear,74
2023-01-05 04:00:00,5.942875570602028,33.47056059380378,27.452702052211297,0,1,Clear,269
2023-01-05 05:00:00,24.092312337913413,88.14615780844868,15.9908660173842,0,1,Clear,304
2023-01-05 06:00:00,14.4306794322898,83.02715309780554,4.73864468506044,1,0,Clear,0
2023-01-05 07:00:00,20.257120734941083,85.66513699171279,20.876973545064075,0,0,Clear,118
2023-01-05 08:00:00,32.22699421778279,89.69446935878612,23.797840513147634,0,1,Clear,340
2023-01-05 09:00:00,12.478766874466249,40.433714953169236,9.5028503120258,0,1,Clear,319
2023-01-05 10:00:00,17.31148769106889,53.77452113415953,25.71537770996259,0,1,Clear,381
2023-01-05 11:00:00,27.666534156291462,75.49430854224548,27.184297642972993,0,0,Clear,223
2023-01-05 12:00:00,11.863944964748674,71.76123708322753,8.307134621334267,0,1,Cloudy,154
2023-01-05 13:00:00,7.30939729486379,39.233754380391304,29.505644181456663,0,1,Rainy,229
2023-01-05 14:00:00,13.692543587413041,78.94998749943707,4.221345841462752,0,1,Rainy,232
2023-01-05 15:00:00,9.836638617620132,43.46643431019964,6.060470052074699,0,1,Cloudy,305
2023-01-05 16:00:00,32.890929570277194,43.42905688935738,5.526745177140784,0,0,Cloudy,618
2023-01-05 17:00:00,29.243611386932507,62.218465373604815,26.819691300236112,0,0,Cloudy,374
2023-01-05 18:00:00,24.002112695312704,65.57639609050219,19.628776569748855,0,1,Clear,264
2023-01-05 19:00:00,31.14381770563153,64.80517247026867,4.563128496668186,1,0,Cloudy,303
2023-01-05 20:00:00,29.110162306973432,35.489210243865294,13.20970255105047,0,1,Clear,591
2023-01-05 21:00:00,10.597101766581075,82.64765175782283,18.458940752094062,0,1,Clear,114
2023-01-05 22:00:00,31.776769954699333,45.93600255532236,2.5039225496814987,0,0,Cloudy,408
2023-01-05 23:00:00,21.18026725746952,37.77089527696825,26.47249105222016,0,1,Clear,577
2023-01-06 00:00:00,29.223204654921876,83.32488479213863,24.108106063246055,0,1,Clear,376
2023-01-06 01:00:00,31.8827389977048,87.3390898937852,15.156203207299146,0,1,Rainy,404
2023-01-06 02:00:00,14.540104249155917,81.72765703592704,29.013798457775113,0,1,Clear,182
2023-01-06 03:00:00,8.301557735830302,78.57096448349269,12.532829378252991,0,1,Clear,211
2023-01-06 04:00:00,11.838054876258251,69.3145188383413,29.523309571094934,0,1,Rainy,186
2023-01-06 05:00:00,17.813233658787688,63.05144223654836,20.03759996410881,0,1,Cloudy,339
2023-01-06 06:00:00,29.540442977674793,35.21920559468461,19.040138197618244,0,1,Clear,616
2023-01-06 07:00:00,30.821917497690304,54.50719278424192,4.9786468588735495,0,1,Clear,568
2023-01-06 08:00:00,5.208563915935721,52.36131102073884,26.45783274913932,1,0,Clear,0
2023-01-06 09:00:00,20.322419077326973,45.585227025619574,12.824690637618454,0,0,Cloudy,297
2023-01-06 10:00:00,17.52233009446337,73.40520682131509,4.867002173474381,0,1,Clear,247
2023-01-06 11:00:00,11.663234314121908,59.75254410472625,0.3782255992727712,0,1,Clear,208
2023-01-06 12:00:00,8.595961020010485,34.862772954458876,16.792670509151478,1,0,Clear,100
2023-01-06 13:00:00,15.12845514210884,43.21099211698868,15.82198866368029,0,1,Clear,279
2023-01-06 14:00:00,33.287291117375574,70.99552581957576,21.580608671074756,0,1,Rainy,489
2023-01-06 15:00:00,14.696087960622657,34.56785156941801,26.707741590534063,0,0,Clear,266
2023-01-06 16:00:00,20.563718652300985,81.07241484292612,2.3821975392908854,0,1,Cloudy,303
2023-01-06 17:00:00,26.090568766855334,59.70879162083846,21.94489471021087,0,1,Clear,401
2023-01-06 18:00:00,15.908888071378819,58.83519463959888,5.622358322927466,0,1,Cloudy,481
2023-01-06 19:00:00,34.15346248162882,65.54446707957105,25.74531159471492,0,1,Rainy,575
2023-01-06 20:00:00,33.873418848263334,79.48085795550895,24.571905415849685,0,1,Clear,375
2023-01-06 21:00:00,12.553468874760924,50.86855247413158,16.22381264956633,1,0,Clear,97
2023-01-06 22:00:00,19.917455176771565,70.68096915354381,21.307283958699344,0,0,Clear,151
2023-01-06 23:00:00,14.02634929450309,63.94391783974746,9.430503395512451,0,1,Cloudy,212
2023-01-07 00:00:00,13.545214831324028,46.02169621016528,14.135036967984439,0,1,Clear,264
2023-01-07 01:00:00,6.106608420635984,82.71779918130947,24.64910693131415,0,1,Cloudy,26
2023-01-07 02:00:00,23.286930019396905,77.84556129641568,13.777955915196417,1,0,Cloudy,85
2023-01-07 03:00:00,20.080370696865845,69.50711007950552,10.733947959763254,0,1,Cloudy,370
2023-01-07 04:00:00,6.544362537499681,81.03490374565452,14.826373417508997,0,1,Cloudy,98
2023-01-07 05:00:00,13.359393927098344,82.03765205758815,24.84747757311655,0,1,Clear,184
2023-01-07 06:00:00,32.24797657899961,72.50177860290209,10.056241421126181,0,0,Clear,348
2023-01-07 07:00:00,12.186856720009173,80.22079970182033,5.212847794072314,0,0,Clear,90
2023-01-07 08:00:00,9.346846162736693,71.84828770015702,21.360420609923423,0,1,Rainy,149
2023-01-07 09:00:00,19.68358280832689,70.80844630561802,24.779346381242455,0,1,Cloudy,243
2023-01-07 10:00:00,34.569513623318024,67.11668269291106,3.019124355706,0,1,Cloudy,535
2023-01-07 11:00:00,12.261658145345013,75.16299837345848,7.196223382678342,0,0,Clear,167
2023-01-07 12:00:00,25.164066422176358,39.51630631758442,4.259159692829817,1,0,Clear,378
2023-01-07 13:00:00,27.848588459861528,82.85224555193571,10.438242347465,0,1,Cloudy,404
2023-01-07 14:00:00,12.12912631977199,82.31061166471392,13.510529367162379,0,1,Clear,89
2023-01-07 15:00:00,26.846490458355788,31.75483698207355,22.464790108899194,0,1,Clear,516
2023-01-07 16:00:00,16.033493981577596,79.54900503388576,19.534427546450225,0,1,Cloudy,156
2023-01-07 17:00:00,23.969174917807383,37.73219204840671,18.627857024352934,0,0,Clear,409
2023-01-07 18:00:00,24.00589132282684,50.107131255548516,10.571248398289633,0,1,Clear,425
2023-01-07 19:00:00,21.073240522242756,74.61049537749646,25.243426592542797,0,1,Clear,267
2023-01-07 20:00:00,7.7086931016322495,39.64559376289849,14.138615021944936,0,1,Clear,191
2023-01-07 21:00:00,30.05907486767714,79.07802144714373,29.373148140454635,0,1,Rainy,311
2023-01-07 22:00:00,14.623401949152075,79.92805067746451,19.024264148872106,1,0,Clear,0
2023-01-07 23:00:00,10.595555311995627,60.44806402565017,3.7879422469350823,0,0,Clear,176
2023-01-08 00:00:00,6.2232542466429175,30.383152303010014,20.28532686226302,0,1,Clear,261
2023-01-08 01:00:00,22.726788295647253,47.22228799049476,9.75312046295097,0,0,Cloudy,325
2023-01-08 02:00:00,25.326930855268472,67.01561510254453,20.589815900582924,0,0,Clear,232
2023-01-08 03:00:00,5.497634867835685,88.87117068164541,2.0892344448721722,0,1,Clear,13
2023-01-08 04:00:00,20.36279174897843,67.9088116210001,5.246443115278781,0,1,Clear,382
2023-01-08 05:00:00,11.794873255938139,45.588214863849586,25.67211776717359,0,1,Clear,318
2023-01-08 06:00:00,24.355183712283495,68.04034218597668,6.815386710705447,0,1,Clear,380
2023-01-08 07:00:00,10.230992870149743,62.39912278295133,25.1112337572882,0,1,Cloudy,108
2023-01-08 08:00:00,25.728132143073978,76.79072370906862,8.378282653632313,0,1,Cloudy,390
2023-01-08 09:00:00,16.602060389016124,36.41883832961751,19.286457301761228,1,0,Clear,168
2023-01-08 10:00:00,33.101899662102035,75.66167415012168,20.82451720529493,0,1,Clear,430
2023-01-08 11:00:00,9.125628324379797,62.47599472056662,15.379642594351587,0,1,Rainy,245
2023-01-08 12:00:00,15.231990531507755,87.77952023153968,9.159320300901939,0,1,Clear,203
2023-01-08 13:00:00,8.404205637217672,50.51232996232117,6.379331291132884,0,1,Cloudy,262
2023-01-08 14:00:00,32.74080854835688,67.95731358803688,0.9956806368727866,0,1,Clear,485
2023-01-08 15:00:00,31.32018060142943,85.92168633060105,9.118392037221714,0,1,Rainy,423
2023-01-08 16:00:00,12.73824883145467,36.15058367944076,19.59488371593849,0,0,Cloudy,305
2023-01-08 17:00:00,24.79952138102537,86.23370923418707,28.14914455345448,0,1,Rainy,238
2023-01-08 18:00:00,29.516666006036473,71.2731433380488,26.136134467891562,0,0,Cloudy,376
2023-01-08 19:00:00,21.65602434798387,34.07022354631032,22.98194329605908,0,1,Clear,550
2023-01-08 20:00:00,20.889517350680194,48.057814016808976,23.65342029759896,0,1,Rainy,485
2023-01-08 21:00:00,12.25556872701355,72.4903253187169,19.94954710427986,0,1,Clear,177
2023-01-08 22:00:00,7.793083034176976,34.041036088126305,7.80860572698009,0,1,Clear,353
2023-01-08 23:00:00,31.916472738599804,64.9302276105764,27.215850921174894,1,0,Cloudy,343
2023-01-09 00:00:00,32.01254171489991,50.752983417177404,20.121969357175022,1,0,Cloudy,388
2023-01-09 01:00:00,23.993043718198038,67.25493106604863,16.8132189294132,0,1,Rainy,348
2023-01-09 02:00:00,15.170893731461021,32.74452202875077,3.3296840764044324,0,1,Clear,431
2023-01-09 03:00:00,15.476287238379827,82.29220836914257,13.411666314192763,0,0,Cloudy,92
2023-01-09 04:00:00,26.778670366107182,88.40933815064382,13.81074813605779,1,0,Cloudy,54
2023-01-09 05:00:00,31.913307798577314,88.13267131714149,25.9369082856801,1,0,Clear,153
2023-01-09 06:00:00,31.61259272795352,74.97910990457548,16.399446605633653,0,1,Clear,505
2023-01-09 07:00:00,28.396266375728715,37.80517440783792,11.41201646911229,0,1,Clear,493
2023-01-09 08:00:00,24.26094938462863,75.49579175574135,29.30400985531978,0,1,Clear,375
2023-01-09 09:00:00,7.524198949851465,31.47521498752809,3.32161779978947,0,0,Rainy,302
2023-01-09 10:00:00,9.848861422838413,31.327413091739835,12.676452849358338,0,0,Cloudy,230
2023-01-09 11:00:00,31.956625655812378,49.41661314897247,1.2607402551421587,1,0,Cloudy,456
2023-01-09 12:00:00,23.1928717897877,59.318591424279944,22.19712362300791,0,0,Rainy,285
2023-01-09 13:00:00,5.27591154849889,76.22444506846759,27.542296565974517,0,1,Clear,77
2023-01-09 14:00:00,8.044146285980963,70.99772259639032,8.401119886514683,1,0,Cloudy,0
2023-01-09 15:00:00,24.905053073241675,56.7541623826049,25.750250303973626,0,1,Clear,343
2023-01-09 16:00:00,5.15184751538656,46.41759997689995,8.766546913856933,0,0,Cloudy,148
2023-01-09 17:00:00,9.824241542524959,89.82747000946267,27.323104849317456,0,0,Clear,0
2023-01-09 18:00:00,21.462013680997583,55.57087813415838,22.61885710790352,0,0,Rainy,280
2023-01-09 19:00:00,25.756855930780798,57.08322145978053,24.14720330524316,0,1,Clear,392
2023-01-09 20:00:00,24.558837785078016,39.81742927150015,0.540196668013635,0,1,Clear,655
2023-01-09 21:00:00,11.728079283816793,77.68857292499577,28.884310712220778,0,1,Cloudy,153
2023-01-09 22:00:00,26.365376640426074,71.62093354688932,21.800129762109698,0,1,Clear,335
2023-01-09 23:00:00,12.117472624904002,43.24617676732562,9.142532861584,0,1,Cloudy,271
2023-01-10 00:00:00,14.76199094477803,34.94286273695056,24.881839945765407,0,0,Clear,253
2023-01-10 01:00:00,27.394742153540726,70.82995812448279,8.445635952447898,0,1,Cloudy,453
2023-01-10 02:00:00,24.48898697141644,69.27067285686812,26.18261518698384,0,1,Clear,354
2023-01-10 03:00:00,30.47670231482534,46.39557161989256,3.3774117123581107,0,1,Clear,678
2023-01-10 04:00:00,24.7283867690103,87.05181373502462,21.110579323823874,0,1,Clear,312
2023-01-10 05:00:00,22.049258100064147,39.06347350685402,16.22095429934731,0,1,Clear,535
2023-01-10 06:00:00,7.810243034842774,55.940088062556114,2.896034105863224,0,1,Clear,245
2023-01-10 07:00:00,16.031474091783007,86.61695521005593,7.2568148477651695,0,1,Clear,116
2023-01-10 08:00:00,12.956071030451763,55.18363901556734,0.3721210883194437,0,1,Clear,308
2023-01-10 09:00:00,12.319689301372508,68.31155685984513,14.063038963935174,1,0,Clear,54
2023-01-10 10:00:00,34.190316642573364,53.855663877767654,9.037957822800012,0,1,Clear,614
2023-01-10 11:00:00,16.792931740002814,46.452912140920205,17.950724528932763,0,1,Cloudy,391
2023-01-10 12:00:00,31.761396655313398,89.0386588775897,8.917134231258515,0,1,Clear,389
2023-01-10 13:00:00,23.934158779917887,54.560040378902585,8.99757334520954,0,0,Clear,308
2023-01-10 14:00:00,28.844339106249453,83.64595222074807,22.2957959619481,0,1,Cloudy,341
2023-01-10 15:00:00,20.079112793155762,43.79727635346517,1.4442850793506035,0,1,Clear,493
2023-01-10 16:00:00,22.307116538790773,42.786282241505,27.086849855759617,0,1,Cloudy,407
2023-01-10 17:00:00,19.77553081456592,31.86804497307068,25.567916231735445,0,1,Clear,449
2023-01-10 18:00:00,10.857289633941335,69.10000952255311,20.034140496792194,0,0,Clear,10
2023-01-10 19:00:00,26.67356345784516,52.11158062342567,17.796647103221527,0,1,Clear,542
2023-01-10 20:00:00,13.423170873225674,81.86149499037822,26.769074944189565,0,0,Cloudy,0
2023-01-10 21:00:00,5.729478992943616,58.392594401493426,5.559905385861433,1,0,Cloudy,50
2023-01-10 22:00:00,24.364168877215036,88.09160567488331,2.3690748657248584,0,1,Clear,394
2023-01-10 23:00:00,10.313320382211469,41.13153094218727,7.185305097286143,0,1,Clear,323
2023-01-11 00:00:00,33.21375753058743,82.11739007733665,23.83734836100571,0,1,Rainy,366
2023-01-11 01:00:00,33.617857310077625,76.59581116750451,1.0401080017944997,0,1,Clear,414
2023-01-11 02:00:00,32.44593170661346,76.25531067864313,17.484205052504688,0,1,Clear,379
2023-01-11 03:00:00,16.10476100766333,80.68699368701326,29.8631254857393,0,1,Rainy,80
2023-01-11 04:00:00,5.463698495866023,75.66143945657993,25.670882815126184,0,1,Cloudy,96
2023-01-11 05:00:00,32.84955687763176,67.57321929788492,15.643370671307684,0,1,Clear,514
2023-01-11 06:00:00,17.84552444951943,37.87469266094325,1.9092272785992703,0,1,Cloudy,492
2023-01-11 07:00:00,33.999644571310085,31.951570769475115,24.941205431571294,0,0,Cloudy,464
2023-01-11 08:00:00,33.90859931267759,85.2508708689412,17.969355245316315,1,0,Clear,169
2023-01-11 09:00:00,30.590283664020802,66.99901887124429,3.4479899117870048,0,1,Clear,558
2023-01-11 10:00:00,13.833466762087571,77.79223745857058,2.815718544700686,0,1,Clear,224
2023-01-11 11:00:00,16.552931858057757,58.891341090753,27.28880458309777,0,0,Rainy,165
2023-01-11 12:00:00,30.534100145505708,37.03849133774367,20.076007888142353,0,1,Cloudy,641
2023-01-11 13:00:00,14.50766015468833,37.511147532153025,24.878603979502667,0,1,Clear,437
2023-01-11 14:00:00,10.084782400582775,71.13391723373829,26.36936700846802,0,0,Cloudy,5
2023-01-11 15:00:00,21.704037873750504,55.818353693967765,17.153170561449667,0,1,Clear,398
2023-01-11 16:00:00,33.08464322482343,42.0314836020202,15.523390552651238,0,1,Clear,649
2023-01-11 17:00:00,25.88089390024919,59.49567280448621,12.912822309629705,0,1,Clear,572
2023-01-11 18:00:00,22.101835102680948,33.85253622450804,9.508397633733578,0,1,Clear,429
2023-01-11 19:00:00,7.915294813123056,64.91828411486392,13.037878825761354,1,0,Cloudy,0
2023-01-11 20:00:00,23.45021680097509,46.13960426610586,23.216389671904693,0,0,Clear,346
2023-01-11 21:00:00,34.7016155031279,77.85354603823129,18.057702930453946,0,1,Cloudy,505
2023-01-11 22:00:00,9.202520457095721,48.621717535414426,26.77569869864538,0,1,Clear,182
2023-01-11 23:00:00,20.549889570912104,57.31320894490807,13.301400431375631,0,1,Clear,379
2023-01-12 00:00:00,31.321192157838663,30.697232394486036,18.212687361562622,0,1,Rainy,697
2023-01-12 01:00:00,27.223058532626133,34.34681326767353,18.93922659275966,0,1,Clear,735
2023-01-12 02:00:00,25.91047222985804,53.54961338440109,17.750914869189767,0,1,Clear,508
2023-01-12 03:00:00,26.07452251961328,58.796330083027414,21.07901319256549,0,0,Clear,291
2023-01-12 04:00:00,15.784734536592655,66.00123288715822,7.123004051244188,0,1,Cloudy,264
2023-01-12 05:00:00,13.807755327934801,47.499754722558194,15.370913326373719,0,1,Clear,301
2023-01-12 06:00:00,29.28083466435541,71.69891316759255,3.12674408425043,0,1,Clear,382
2023-01-12 07:00:00,29.30340184037542,81.60734383135228,11.535339829344377,0,1,Clear,380
2023-01-12 08:00:00,31.012169557403112,76.79105933360098,14.630012058637933,0,0,Clear,374
2023-01-12 09:00:00,32.39721657669414,32.37712952090143,19.566727786364176,0,1,Cloudy,602
2023-01-12 10:00:00,20.340271965828133,58.830416835469734,28.515931577586105,0,1,Clear,378
2023-01-12 11:00:00,20.045488840615988,36.29581070509049,18.019531996450677,0,1,Clear,490
2023-01-12 12:00:00,28.948855369003255,44.522700951751645,22.307817485296795,0,1,Clear,508
2023-01-12 13:00:00,24.498917923332954,89.19975559602878,15.187981784856083,0,1,Clear,269
2023-01-12 14:00:00,26.0590063177311,38.5497325740908,19.02312094128994,0,0,Rainy,521
2023-01-12 15:00:00,28.87378008308303,59.933289207081366,2.1279664840132027,0,1,Clear,564
2023-01-12 16:00:00,31.70016025452699,67.08934405908714,7.631747425255409,0,0,Rainy,418
2023-01-12 17:00:00,15.139854705546075,72.14789823264624,10.855592796154161,0,1,Clear,222
2023-01-12 18:00:00,16.26748857919832,63.578921009214845,14.174800650195408,1,0,Clear,87
2023-01-12 19:00:00,7.81945819522607,30.58625084515102,1.369462365071512,1,0,Cloudy,135
2023-01-12 20:00:00,22.34840422988522,49.58767849463951,4.20072292659953,0,1,Clear,369
2023-01-12 21:00:00,6.078268213902263,61.06269860308269,8.304429233739173,0,1,Cloudy,263
2023-01-12 22:00:00,18.967940543973803,35.27198994869,29.14598072703152,0,1,Rainy,428
2023-01-12 23:00:00,21.2793390412273,51.037615872550845,9.940410213091523,0,1,Clear,454
2023-01-13 00:00:00,13.596237563848533,31.992186527481994,14.461231743362475,1,0,Clear,198
2023-01-13 01:00:00,22.724997817070324,34.71470982930124,5.882931382151789,0,1,Cloudy,513
2023-01-13 02:00:00,5.915007498171483,53.815396572095764,18.32340213227305,0,1,Clear,155
2023-01-13 03:00:00,6.120445662476433,37.96294524258362,8.420496465479228,1,0,Clear,0
2023-01-13 04:00:00,29.678016819789747,64.05245089569348,6.209777353152804,0,1,Clear,620
2023-01-13 05:00:00,15.805719242337886,71.36789814823594,15.497178853379372,0,1,Clear,172
2023-01-13 06:00:00,8.811815379556544,78.03520194654497,0.16517397481262464,1,0,Cloudy,0
2023-01-13 07:00:00,20.667297801644132,42.009014654688606,0.22992097947675982,0,1,Clear,477
2023-01-13 08:00:00,28.099806592958323,40.04895493554419,6.572064273055734,0,0,Clear,566
2023-01-13 09:00:00,11.474630824905296,36.274070420064014,1.1016408750246343,0,0,Cloudy,288
2023-01-13 10:00:00,23.686714274570008,68.1858149726182,3.2407726239207415,0,1,Clear,343
2023-01-13 11:00:00,7.56042394981304,72.38854358921407,10.165819480162547,0,1,Clear,184
2023-01-13 12:00:00,6.550451635058231,31.895168689538522,24.077570387394385,0,0,Cloudy,203
2023-01-13 13:00:00,20.94063894704444,86.17273477462139,17.161459301079024,1,0,Clear,59
2023-01-13 14:00:00,21.219053648303195,33.118277019088346,15.380031778692492,0,1,Cloudy,542
2023-01-13 15:00:00,24.122897044946196,62.47778011806423,8.804664696243648,0,1,Cloudy,543
2023-01-13 16:00:00,26.782740011679845,72.54363116705498,27.952611582984492,0,1,Clear,464
2023-01-13 17:00:00,34.275562383876036,82.25814742476514,11.91045123711575,0,0,Clear,333
2023-01-13 18:00:00,20.48901044903586,72.84521592794567,2.6127830038731448,0,1,Clear,416
2023-01-13 19:00:00,14.68869418823738,78.10368498418751,18.511995483534037,0,1,Clear,193
2023-01-13 20:00:00,28.85558584306111,50.367011552568364,3.415151804298042,0,1,Cloudy,596
2023-01-13 21:00:00,13.124967537862226,78.88950682479073,10.356694284050763,0,1,Cloudy,87
2023-01-13 22:00:00,18.169142621169083,34.80689078308051,15.222358161534267,0,1,Clear,444
2023-01-13 23:00:00,7.353691440267979,83.68899936363165,26.226675740555272,0,1,Cloudy,0
2023-01-14 00:00:00,5.760522302463725,62.85554256922418,14.80639741020356,0,0,Rainy,69
2023-01-14 01:00:00,33.87945244033775,79.03786619774962,21.06776298094993,0,1,Rainy,503
2023-01-14 02:00:00,30.079403615366175,57.13909707109801,29.78450516997211,0,1,Clear,372
2023-01-14 03:00:00,25.87922618281094,68.6146617117915,3.944673596939449,0,0,Clear,332
2023-01-14 04:00:00,17.268588332428095,61.58415965616679,8.241945765585585,0,1,Clear,382
2023-01-14 05:00:00,10.198829602125373,73.89537130531991,11.837282267929393,0,0,Rainy,39
2023-01-14 06:00:00,9.693111280132582,34.897798921835374,12.654845356164941,0,1,Clear,369
2023-01-14 07:00:00,12.50728694493786,33.62112503943383,12.330632257966373,0,1,Clear,400
2023-01-14 08:00:00,21.476799941183614,44.82619404060878,27.228330076696647,0,1,Clear,433
2023-01-14 09:00:00,26.43787768100187,39.5726808067913,21.420979334005693,0,1,Clear,521
2023-01-14 10:00:00,24.80592130153194,82.3070139955321,18.237156422721114,0,1,Clear,245
2023-01-14 11:00:00,13.398016908378285,43.15283924148266,9.281181535883462,0,1,Rainy,301
2023-01-14 12:00:00,33.64595841989582,88.55191534914788,24.71371152663884,0,1,Clear,423
2023-01-14 13:00:00,27.136907500873054,50.21374750626641,28.651815344549668,0,1,Clear,471
2023-01-14 14:00:00,21.63062157534202,40.927074941321955,24.635948476506798,0,0,Clear,339
2023-01-14 15:00:00,23.351622387030567,77.38191042854875,0.046953155744187125,0,1,Clear,342
2023-01-14 16:00:00,17.588001872833697,69.52246653005257,19.09204110550221,0,0,Clear,144
2023-01-14 17:00:00,12.431929685034724,59.89174298718834,1.5340614432630217,0,1,Clear,335
2023-01-14 18:00:00,15.679180359537847,63.321813056257874,7.728216610011655,0,1,Clear,279
2023-01-14 19:00:00,27.735383313931074,73.15210669633584,1.7857410104331506,0,0,Clear,278
2023-01-14 20:00:00,5.431804658892676,43.70728447987793,18.11386358848163,0,1,Clear,246
2023-01-14 21:00:00,8.482179215207488,89.78003496340452,20.597697404778202,0,1,Clear,6
2023-01-14 22:00:00,6.3800792606525825,88.487589728807,3.4346291419771537,1,0,Rainy,0
2023-01-14 23:00:00,6.221864069569104,69.01954118081622,11.515166491349385,0,0,Rainy,94
2023-01-15 00:00:00,30.663817520330216,41.972547055748706,13.68709526866626,1,0,Clear,408
2023-01-15 01:00:00,26.109735781400712,70.81369454587748,11.071590652827497,0,1,Clear,419
2023-01-15 02:00:00,19.225214872619755,34.33190453875055,3.630750014555791,0,1,Rainy,447
2023-01-15 03:00:00,7.935024819530044,31.839150132348365,12.568433705624262,0,1,Clear,311
2023-01-15 04:00:00,19.748476253504972,45.46097331067282,22.535341434252544,1,0,Cloudy,232
2023-01-15 05:00:00,19.20415312341697,57.75737740435898,2.130229935997664,0,0,Rainy,215
2023-01-15 06:00:00,10.196056097300456,82.09635032450284,2.4054004224571033,0,1,Clear,145
2023-01-15 07:00:00,18.015549477139192,73.63014418597848,10.643138755079526,0,1,Clear,275
2023-01-15 08:00:00,16.955142031921202,74.56239127199886,28.25177134856775,0,1,Rainy,199
2023-01-15 09:00:00,23.475502941566493,55.52960006688452,20.05717940168742,0,1,Clear,466
2023-01-15 10:00:00,24.052809526029314,50.75609955281777,20.360098700176945,0,1,Clear,463
2023-01-15 11:00:00,6.359120293161336,52.262325779076164,10.857599725135948,0,1,Clear,275
2023-01-15 12:00:00,16.238378438794136,89.25897382416348,17.809823736256153,0,1,Clear,94
2023-01-15 13:00:00,23.77579747142709,32.406551484748945,0.30393552083230135,0,1,Cloudy,600
2023-01-15 14:00:00,20.09408775740263,82.02188976734692,19.082881392286268,0,1,Cloudy,238
2023-01-15 15:00:00,30.694695235649668,64.72052451434361,27.3986084272871,0,1,Rainy,401
2023-01-15 16:00:00,24.76080894856835,56.31692515137543,18.377204050344574,1,0,Clear,283
2023-01-15 17:00:00,9.88803281244289,73.51545962490819,26.21095780399035,0,1,Clear,218
2023-01-15 18:00:00,7.1170624220128955,59.20013648548217,21.719191663982816,0,1,Clear,145
2023-01-15 19:00:00,24.27257834618947,82.40539428489963,3.6167524921107077,0,1,Clear,366
2023-01-15 20:00:00,5.795339316248654,84.04211184067552,27.07359921857525,0,1,Clear,0
2023-01-15 21:00:00,22.5732674382039,55.30325561240733,1.9933153306732465,0,1,Rainy,420
2023-01-15 22:00:00,33.20690724274873,46.60966783410309,16.019024176432914,0,1,Cloudy,526
2023-01-15 23:00:00,22.26422533627637,65.54101971560173,4.26411371380373,0,0,Clear,258
2023-01-16 00:00:00,16.645097786195656,84.74180073700145,0.35119832192712197,0,0,Cloudy,55
2023-01-16 01:00:00,24.298646553270594,42.63973134033999,12.661027803829171,0,1,Clear,599
2023-01-16 02:00:00,18.7475867147455,67.37799501380897,8.851221229624688,0,1,Clear,312
2023-01-16 03:00:00,21.36850367947805,67.89361320555123,14.580014813928091,0,1,Cloudy,320
2023-01-16 04:00:00,33.24394426329575,73.98678134491686,17.315996602036524,1,0,Clear,321
2023-01-16 05:00:00,16.583079134023226,37.894061107635586,1.3121721692684207,0,1,Rainy,399
2023-01-16 06:00:00,33.83571691471742,72.9494978809253,3.690098853712369,0,0,Cloudy,393
2023-01-16 07:00:00,32.160519258681916,84.54195123993846,16.75927189351276,0,1,Clear,413
2023-01-16 08:00:00,10.873734043678894,40.78098653221452,10.295020595179746,0,0,Cloudy,280
2023-01-16 09:00:00,7.080839026254964,44.25259949543266,21.87520462648344,0,0,Clear,144
2023-01-16 10:00:00,8.0233400413228,88.28370564249838,19.56874945775819,0,1,Clear,33
2023-01-16 11:00:00,5.546654769546492,40.85861716256939,25.368130889697206,0,1,Clear,207
2023-01-16 12:00:00,7.833288822677852,81.26310560217475,20.77478480007676,0,0,Clear,0
2023-01-16 13:00:00,25.490203202490704,59.53667138688209,12.897932321704443,0,1,Cloudy,456
2023-01-16 14:00:00,7.13565945380687,44.833864464190626,20.188998671832973,0,1,Clear,171
2023-01-16 15:00:00,14.56926890881284,82.24499407635068,8.261435227662556,0,1,Cloudy,185
2023-01-16 16:00:00,30.346259329083637,56.71831530015993,9.18940496334638,0,1,Clear,490
2023-01-16 17:00:00,5.698158072074776,60.88904123578141,23.6695547976238,0,1,Clear,114
2023-01-16 18:00:00,29.434054477668074,51.55400216398594,13.392585492047465,0,0,Cloudy,420
2023-01-16 19:00:00,13.455643243201997,65.57705108609565,23.951410215550574,0,1,Clear,329
2023-01-16 20:00:00,8.544944828649687,39.81143235510137,24.672671210048353,0,0,Clear,153
2023-01-16 21:00:00,25.902114960924518,53.46489219910564,25.726870129838513,0,0,Clear,274
2023-01-16 22:00:00,23.86828540339652,88.16473934011725,27.49905707523622,0,1,Clear,228
2023-01-16 23:00:00,31.32416040581159,45.48800596206765,12.929556615398887,0,1,Clear,630
2023-01-17 00:00:00,27.052131314116572,69.40419987247753,9.566004549634165,0,1,Cloudy,514
2023-01-17 01:00:00,29.104427911545457,49.511403853481696,17.465962397823414,1,0,Clear,307
2023-01-17 02:00:00,13.461037177139195,76.40838754119603,11.135172703128827,0,1,Clear,107
2023-01-17 03:00:00,10.323186313391684,37.85241964310099,18.03222500400699,0,0,Rainy,252
2023-01-17 04:00:00,27.51844254922575,88.18926270471269,21.16757587931474,0,0,Clear,139
2023-01-17 05:00:00,29.20504217801792,57.22737248301836,20.652150554764106,0,0,Cloudy,368
2023-01-17 06:00:00,34.7151542600202,44.16302780078784,11.236586610603641,0,0,Clear,553
2023-01-17 07:00:00,17.378530307342793,34.409804839800756,5.005806050962585,1,0,Clear,270
2023-01-17 08:00:00,16.160542573783495,40.18547430525244,12.915880153866226,1,0,Cloudy,237
2023-01-17 09:00:00,28.292388822259905,61.18643691336106,4.277824322457262,0,0,Clear,371
2023-01-17 10:00:00,15.224106207590536,50.22019058587718,26.70291105551425,1,0,Cloudy,83
2023-01-17 11:00:00,32.922719768106944,79.73300195295657,10.376323822135722,1,0,Clear,263
2023-01-17 12:00:00,30.752382555290353,55.85325141970836,4.6337924166997135,0,1,Clear,576
2023-01-17 13:00:00,17.86982082125055,44.92285635525779,0.7634327971725263,0,0,Clear,346
2023-01-17 14:00:00,27.526132033744922,67.0286991962418,19.374671588594527,0,0,Clear,341
2023-01-17 15:00:00,27.63628622254047,72.40663301312675,19.1070695236423,0,0,Cloudy,337
2023-01-17 16:00:00,8.093716065077977,40.02251447405699,10.21812499743875,0,0,Clear,210
2023-01-17 17:00:00,32.076587200387,40.05715297729906,2.15135666542953,0,1,Rainy,697
2023-01-17 18:00:00,20.157571173435713,32.20028561601258,12.28886684685696,1,0,Rainy,225
2023-01-17 19:00:00,29.793723983232248,74.18412090393844,9.336524851901807,0,1,Clear,450
2023-01-17 20:00:00,14.601488030918352,69.8282716573083,20.313619192050282,0,1,Clear,233
2023-01-17 21:00:00,31.865696854886014,58.477852544988835,18.173377483580712,0,1,Cloudy,568
2023-01-17 22:00:00,16.676050362024892,80.65022693815183,10.9378118459262,1,0,Rainy,0
2023-01-17 23:00:00,5.32512954440895,78.34020917700319,6.536776627649703,1,0,Clear,0
2023-01-18 00:00:00,32.16145929257791,65.12126186380513,29.641078984667757,0,1,Clear,439
2023-01-18 01:00:00,7.738600303584007,82.09627683079552,13.620048635883446,0,1,Clear,92
2023-01-18 02:00:00,14.579409127712445,42.350472602206096,20.64822707340711,0,0,Cloudy,297
2023-01-18 03:00:00,33.50185901152415,36.71517716386367,4.216589027350823,0,0,Clear,586
2023-01-18 04:00:00,33.51821440812668,46.18497669101938,14.567690989781934,0,1,Cloudy,674
2023-01-18 05:00:00,22.203136643698585,33.42521136535889,0.8261015960839646,0,1,Clear,570
2023-01-18 06:00:00,23.95511636509398,61.87017168006192,15.163653537313499,0,1,Clear,398
2023-01-18 07:00:00,18.453365659349593,86.19634153769769,28.920522213531072,0,1,Clear,148
2023-01-18 08:00:00,13.796323150941936,32.36061244011058,11.526201389574007,0,1,Clear,448
2023-01-18 09:00:00,14.859936361097478,37.32659484060161,1.1698803772473476,0,0,Clear,349
2023-01-18 10:00:00,25.175553682311154,57.13194169700612,0.9286737275803059,0,1,Clear,603
2023-01-18 11:00:00,27.5712358831304,86.0325010516743,11.639602798406084,0,0,Clear,206
2023-01-18 12:00:00,28.747371311775456,48.96936629860503,4.800748093895821,0,0,Clear,498
2023-01-18 13:00:00,28.688544283836617,60.43408852130354,0.7005628898455774,0,1,Clear,500
2023-01-18 14:00:00,7.7361830914607115,32.494371543023526,22.686408418505305,0,1,Rainy,242
2023-01-18 15:00:00,19.832609141077445,38.90059205772533,13.755690266456721,0,1,Clear,461
2023-01-18 16:00:00,6.726762800499328,89.19780737753081,8.677343159179635,0,1,Clear,36
2023-01-18 17:00:00,21.485866469712064,87.90712178616273,27.00249549049442,0,1,Clear,348
2023-01-18 18:00:00,18.24591504120131,30.296398856064577,3.4841688060157683,0,1,Rainy,503
2023-01-18 19:00:00,31.631125482748992,87.10870712539433,28.677564868659577,0,0,Clear,196
2023-01-18 20:00:00,15.52745037656236,68.34719626893002,9.419001521320585,1,0,Cloudy,77
2023-01-18 21:00:00,8.512010492828177,82.07509767120132,26.652110169260435,0,1,Cloudy,0
2023-01-18 22:00:00,9.289750461585076,57.28439133803155,18.088286294383845,0,1,Cloudy,194
2023-01-18 23:00:00,27.845318951524167,60.93576171475502,24.801220792244624,1,0,Clear,239
2023-01-19 00:00:00,23.54654189948783,59.33079481541521,29.520394896313928,0,1,Cloudy,408
2023-01-19 01:00:00,8.033680283683708,70.01185545276626,8.652163134562372,0,1,Clear,193
2023-01-19 02:00:00,7.5232041834499235,38.379075285378775,28.834064562227788,0,0,Clear,109
2023-01-19 03:00:00,26.0290739437736,31.798415392360678,11.68445684707261,0,1,Cloudy,589
2023-01-19 04:00:00,7.182890190925805,48.47579649547146,11.56535714210767,0,1,Clear,192
2023-01-19 05:00:00,29.655801778710686,72.2808457641988,10.211613127635172,0,1,Cloudy,396
2023-01-19 06:00:00,26.187266814694887,42.1112071273769,16.242228220427556,1,0,Clear,349
2023-01-19 07:00:00,7.440463419256993,70.40594599949503,4.624351295354613,1,0,Cloudy,0
2023-01-19 08:00:00,7.545131422555757,88.19472276643623,16.611344560740335,0,1,Clear,2
2023-01-19 09:00:00,34.59918735503526,35.6340429473651,16.25114437230012,0,1,Clear,642
2023-01-19 10:00:00,16.22812387268361,70.35612709350758,22.8570543781461,0,1,Clear,251
2023-01-19 11:00:00,16.11926441200673,56.62501315827427,25.009498858127568,1,0,Rainy,174
2023-01-19 12:00:00,29.383987017725076,82.08853526265032,13.21324050937272,1,0,Clear,126
2023-01-19 13:00:00,33.41745732151576,40.628987366843155,9.069997480544812,0,1,Clear,578
2023-01-19 14:00:00,34.580031914686124,71.55755713356987,7.780046919512834,0,0,Clear,431
2023-01-19 15:00:00,27.601345557768248,80.28691737888661,5.838715101146158,0,1,Cloudy,396
2023-01-19 16:00:00,16.287787565927474,86.6768531684414,1.7294274659707465,0,1,Clear,217
2023-01-19 17:00:00,7.505021500960063,70.99488169737874,10.2734393650414,0,1,Clear,104
2023-01-19 18:00:00,28.314407477823103,59.83048584050564,8.107430763923498,0,1,Clear,491
2023-01-19 19:00:00,21.752127492074152,67.07083441207283,28.99252157599222,0,1,Clear,322
2023-01-19 20:00:00,17.726660277409287,82.1342990687231,16.731264787501317,0,1,Clear,257
2023-01-19 21:00:00,32.19063155284208,64.23658479832979,10.418311170915226,0,1,Clear,433
2023-01-19 22:00:00,8.33592446918454,31.82322358181021,17.41402802981088,1,0,Cloudy,95
2023-01-19 23:00:00,19.778753128725775,85.85692173041866,4.175901040370865,0,0,Clear,166
2023-01-20 00:00:00,5.340609343022572,71.37160506189367,13.321312476066087,0,1,Clear,37
2023-01-20 01:00:00,19.059819259823787,70.59080314663478,18.787029642631914,0,0,Clear,263
2023-01-20 02:00:00,6.689098270455121,42.94050914386303,14.666934953773541,0,1,Rainy,210
2023-01-20 03:00:00,8.564537488042157,69.53312821395943,12.053364019629727,0,1,Rainy,143
2023-01-20 04:00:00,8.525787403313146,53.63186433924951,29.815451666990946,0,1,Cloudy,198
2023-01-20 05:00:00,24.476309063481906,69.07397862248952,26.40944286446781,0,1,Clear,313
2023-01-20 06:00:00,27.3813463779627,36.39558181847944,18.702178744783204,0,1,Clear,480
2023-01-20 07:00:00,22.50106295291479,69.47071827618217,17.081320835468482,0,0,Clear,217
2023-01-20 08:00:00,33.865176454236256,89.96482354624,18.61981439473752,0,1,Clear,454
2023-01-20 09:00:00,16.246117385711123,32.892722331633365,6.039363234672997,0,1,Clear,444
2023-01-20 10:00:00,13.571362588455822,88.63045105327903,11.854132297929558,0,0,Cloudy,0
2023-01-20 11:00:00,31.057973845683808,54.41447764337224,1.1837859867269795,0,0,Cloudy,537
2023-01-20 12:00:00,11.70787515558358,82.24520702023555,14.2663811246048,0,1,Cloudy,105
2023-01-20 13:00:00,33.89667618321834,76.94312904349641,16.290737518729895,0,1,Clear,449
2023-01-20 14:00:00,5.364634240694491,64.02097565920006,6.832492083096287,0,1,Cloudy,147
2023-01-20 15:00:00,34.09636480122917,74.30695255507959,28.920865414965412,0,1,Clear,492
2023-01-20 16:00:00,6.294797358517283,82.71093367808088,27.28363832811726,0,1,Clear,118
2023-01-20 17:00:00,31.734293410942133,54.24841929906198,21.664297063677175,0,1,Cloudy,581
2023-01-20 18:00:00,20.831033272588996,49.62198969379432,16.001598862960876,0,1,Clear,474
2023-01-20 19:00:00,34.78894388357901,70.05560313381508,26.09907478943055,0,1,Clear,468
2023-01-20 20:00:00,7.213896942061966,78.47075651647552,3.919570314703887,1,0,Clear,0
2023-01-20 21:00:00,21.615628532039622,75.73710808659695,23.71529382824655,0,1,Cloudy,278
2023-01-20 22:00:00,34.07907606857297,77.86881893151806,3.744624419005449,0,1,Cloudy,516
2023-01-20 23:00:00,20.692935325104465,56.13499888877598,23.826319876482163,0,1,Clear,304
2023-01-21 00:00:00,23.881959144057877,79.0700529705013,8.273027047540708,0,0,Cloudy,229
2023-01-21 01:00:00,25.872460669538516,37.212543322236506,26.312717430545668,0,1,Clear,543
2023-01-21 02:00:00,18.636231943033195,62.669345877650976,28.321262814761933,0,1,Clear,299
2023-01-21 03:00:00,23.8267424025219,30.345519629887296,4.463879082153469,1,0,Cloudy,417
2023-01-21 04:00:00,22.529429357693008,49.47514979401622,13.880268151961806,0,1,Cloudy,463
2023-01-21 05:00:00,32.03474031472967,51.98769209228387,29.42962134488055,0,1,Rainy,507
2023-01-21 06:00:00,6.363391410243736,53.770361496555324,14.502223079194398,0,0,Clear,57
2023-01-21 07:00:00,13.428895687766909,71.72803240139173,25.906425675436353,0,1,Cloudy,105
2023-01-21 08:00:00,33.512344522296765,53.31348607622074,17.661945663939594,0,1,Cloudy,672
2023-01-21 09:00:00,31.70791351672749,56.92161735735184,11.259897237588056,0,1,Rainy,558
2023-01-21 10:00:00,18.66970258357139,44.252647852459646,8.573506665776106,0,1,Clear,422
2023-01-21 11:00:00,23.603977934046103,52.39510749776041,6.096692732582618,0,1,Cloudy,427
2023-01-21 12:00:00,13.32143548943398,43.63617763578909,22.853945741330918,1,0,Clear,260
2023-01-21 13:00:00,10.64363479171284,34.39175542610662,11.596215204690836,1,0,Clear,99
2023-01-21 14:00:00,18.910952148199463,66.20691560288267,15.338263866022535,0,1,Clear,285
2023-01-21 15:00:00,15.600566840781585,70.09276791330097,14.769764400035458,0,1,Clear,260
2023-01-21 16:00:00,22.509683355526164,67.16942076057687,17.31837087699394,1,0,Clear,180
2023-01-21 17:00:00,7.332039108949545,57.80964262803434,25.967314368736567,1,0,Cloudy,0
2023-01-21 18:00:00,34.23184422998499,52.78714681075379,29.42218030750288,0,1,Clear,652
2023-01-21 19:00:00,34.586322334388086,81.80001897430951,12.227526257214508,0,1,Cloudy,498
2023-01-21 20:00:00,25.944851420592354,61.144907108173086,24.82556766318909,0,1,Clear,356
2023-01-21 21:00:00,21.082890990323612,58.75091265778386,22.93583383964153,0,1,Clear,341
2023-01-21 22:00:00,14.285828488589832,31.538523948386143,17.205868543667197,1,0,Clear,220
2023-01-21 23:00:00,29.413850591208462,50.47486965756938,28.681414308357994,0,0,Clear,506
2023-01-22 00:00:00,25.541935176616377,52.811737127151424,6.014235465852083,1,0,Clear,231
2023-01-22 01:00:00,9.878508180346738,53.92936685381403,3.2779263092886426,0,1,Clear,329
2023-01-22 02:00:00,32.32781553481527,64.81034215363994,25.618859008662664,1,0,Clear,293
2023-01-22 03:00:00,29.67611728769507,62.016152803612705,13.174494499012448,0,0,Clear,437
2023-01-22 04:00:00,33.49399739875772,66.47430556760668,25.409065626211813,0,1,Clear,489
2023-01-22 05:00:00,26.771585251650798,75.89299569252769,26.792706155862447,0,1,Clear,300
2023-01-22 06:00:00,23.402455878073695,78.7791443229656,1.8737278085721432,0,0,Clear,289
2023-01-22 07:00:00,17.547291088718566,73.08738457358966,26.503942889581822,0,1,Rainy,251
2023-01-22 08:00:00,32.9818545006204,87.33142175729608,13.449571661082665,1,0,Cloudy,266
2023-01-22 09:00:00,30.98191668501225,31.093954960581698,15.312974670126966,0,1,Cloudy,663
2023-01-22 10:00:00,6.356560103185682,41.74667914101276,18.797775332796306,1,0,Clear,0
2023-01-22 11:00:00,5.79100923491756,30.453772498688526,27.791478201902603,1,0,Cloudy,0
2023-01-22 12:00:00,16.29390100634149,68.84848284927618,0.5734828328929209,0,1,Cloudy,339
2023-01-22 13:00:00,29.316599923454987,83.88183293699922,14.305304049534513,0,1,Cloudy,399
2023-01-22 14:00:00,34.618283879448335,44.608937794577955,20.63166127291682,0,0,Clear,486
2023-01-22 15:00:00,9.512506733105845,85.6220726877784,21.681208730946853,0,0,Cloudy,0
2023-01-22 16:00:00,22.823921460564055,33.61604341737365,20.77597294611324,0,1,Cloudy,489
2023-01-22 17:00:00,16.426725698930646,86.06616160833086,4.033053882243656,0,1,Clear,130
2023-01-22 18:00:00,34.0974319344381,51.09736123437806,8.981867651150438,0,1,Cloudy,588
2023-01-22 19:00:00,30.26356769407126,36.08524970695299,10.761465762510404,0,1,Clear,585
2023-01-22 20:00:00,30.149861141334135,59.15230555117954,24.13311623038515,0,1,Clear,463
2023-01-22 21:00:00,19.06079479384911,45.40659406323048,8.36279617243659,0,1,Clear,397
2023-01-22 22:00:00,17.444585070129957,47.09237411771537,6.321148916016095,1,0,Cloudy,126
2023-01-22 23:00:00,13.202212157921187,48.43739789557719,28.723440571142884,0,1,Clear,371
2023-01-23 00:00:00,6.6912648995278134,78.1815538699598,0.265898553404067,1,0,Clear,0
2023-01-23 01:00:00,30.941671287651598,62.34967660051527,29.934625670459347,0,0,Clear,324
2023-01-23 02:00:00,29.387030273902326,48.67846194936022,20.304638965721868,0,1,Clear,550
2023-01-23 03:00:00,34.991530198583916,66.6200269986551,24.854078983473514,0,0,Clear,438
2023-01-23 04:00:00,34.899105112217164,72.96904045339161,8.838581890385795,0,1,Cloudy,592
2023-01-23 05:00:00,21.662951168078823,46.35744004401202,0.42945833001179934,0,1,Cloudy,451
2023-01-23 06:00:00,28.069622455415313,54.81294609152109,22.136085556845902,0,1,Clear,535
2023-01-23 07:00:00,33.34297189647284,37.313165600216855,25.02433791002027,0,1,Clear,611
2023-01-23 08:00:00,30.489421720322344,40.86896097208082,22.214283958605574,0,1,Clear,520
2023-01-23 09:00:00,12.42044305229593,70.86707123789897,4.285508619025158,0,1,Cloudy,255
2023-01-23 10:00:00,18.516324059302807,40.88630086173762,22.60283766770907,0,0,Clear,370
2023-01-23 11:00:00,8.87478245454485,61.50980302002361,23.06768346322923,0,0,Clear,186
2023-01-23 12:00:00,33.62153081776167,72.54277570334597,19.756215470101647,0,0,Clear,322
2023-01-23 13:00:00,23.1852390335264,36.41261538568463,22.983477983867587,0,1,Cloudy,532
2023-01-23 14:00:00,11.859284165103881,64.03873317773422,25.377643190331966,0,1,Cloudy,161
2023-01-23 15:00:00,25.151020532175703,45.393767022081825,18.40812342712375,0,1,Cloudy,534
2023-01-23 16:00:00,23.543847213736875,87.77561251425479,2.658141419090372,1,0,Cloudy,33
2023-01-23 17:00:00,15.744881540985215,59.01273880319548,14.628834290016325,0,1,Clear,234
2023-01-23 18:00:00,8.40672776598887,78.35955298650948,2.3294800401481517,0,0,Clear,0
2023-01-23 19:00:00,25.14719586778399,63.01359252937571,12.226290930972926,0,1,Clear,429
2023-01-23 20:00:00,20.6092310271138,32.60475197128915,12.213194673768829,0,1,Clear,477
2023-01-23 21:00:00,28.16955175206918,67.98908253564134,1.9802953242072474,0,1,Clear,510
2023-01-23 22:00:00,20.604905033359803,87.08420053239942,10.46461601908438,0,1,Clear,294
2023-01-23 23:00:00,30.565445009556203,66.09670920877987,3.329942963739445,0,0,Clear,448
2023-01-24 00:00:00,21.557205163234567,79.1513315656074,24.247056300276665,0,0,Rainy,236
2023-01-24 01:00:00,21.828139146061588,83.05238780090447,28.430640778934123,0,1,Cloudy,248
2023-01-24 02:00:00,31.29960807975035,43.68478631693595,2.169494257738158,0,1,Cloudy,584
2023-01-24 03:00:00,17.104485986371913,42.7226903944936,28.653456218751042,0,1,Cloudy,425
2023-01-24 04:00:00,9.020456853519223,66.6588593310595,15.677297980102354,0,1,Clear,125
2023-01-24 05:00:00,5.863480289400169,54.66170818840228,8.986970338616217,0,1,Cloudy,233
2023-01-24 06:00:00,27.65411767020857,80.39167817200322,2.3058622582849053,0,1,Clear,485
2023-01-24 07:00:00,23.60928654060394,84.00138740388067,15.018728042112535,0,1,Cloudy,312
2023-01-24 08:00:00,26.122393042976707,51.20528275816309,23.83546633472246,0,1,Clear,389
2023-01-24 09:00:00,11.388924845267322,44.21223353846892,21.212594318000946,0,1,Rainy,240
2023-01-24 10:00:00,9.091144267603093,76.83153091463171,1.506780343919213,0,1,Clear,214
2023-01-24 11:00:00,5.436339970036458,46.48836213288816,2.187055061037105,0,0,Clear,134
2023-01-24 12:00:00,15.51762676419791,79.35685911082071,12.086198478979114,0,1,Rainy,204
2023-01-24 13:00:00,22.697530605638992,55.42429521892577,8.858714821438298,0,1,Clear,475
2023-01-24 14:00:00,16.76732135299197,70.05299395748823,6.971529691681435,0,1,Cloudy,315
2023-01-24 15:00:00,18.124247660711873,35.73211883008009,8.430134967261408,0,1,Cloudy,482
2023-01-24 16:00:00,32.124760834812456,67.43155948059439,24.10448229890654,0,0,Cloudy,362
2023-01-24 17:00:00,15.447664010699011,57.10606072423375,27.876841608955615,1,0,Rainy,47
2023-01-24 18:00:00,20.419684674794325,65.19650779052844,12.153080835826993,0,1,Rainy,387
2023-01-24 19:00:00,28.509590382234293,40.0808524646918,27.18333006397491,0,1,Clear,573
2023-01-24 20:00:00,16.896283469638107,74.21242469665093,9.64487103743646,0,1,Cloudy,241
2023-01-24 21:00:00,23.662601006836205,81.76782465259372,14.293109590313748,1,0,Cloudy,157
2023-01-24 22:00:00,30.870911262402355,43.004388005446536,6.780869934479991,1,0,Cloudy,421
2023-01-24 23:00:00,33.485618709729266,35.7428733312097,19.214281265275318,0,1,Clear,623
2023-01-25 00:00:00,9.412204427871139,31.418315162780182,29.369433455244266,0,1,Cloudy,258
2023-01-25 01:00:00,32.79762875484483,68.51829002659596,18.10479288130136,0,1,Rainy,446
2023-01-25 02:00:00,19.763488792386145,66.42564216532685,10.734422523406465,0,1,Rainy,319
2023-01-25 03:00:00,12.74733164896875,62.8018447628442,19.434523379715852,0,1,Clear,281
2023-01-25 04:00:00,18.77407268714784,43.916825766958524,3.687620353961627,0,1,Clear,411
2023-01-25 05:00:00,34.40097725856431,53.45435975433088,26.65977240796196,0,1,Clear,578
2023-01-25 06:00:00,19.77854281978609,65.66858011117039,15.092518523395091,0,1,Cloudy,290
2023-01-25 07:00:00,14.862548308625247,59.80601153155016,13.480492261189262,1,0,Cloudy,70
2023-01-25 08:00:00,24.002025629501773,89.26713121289323,17.575943653605577,0,1,Clear,185
2023-01-25 09:00:00,12.204368563345792,38.18638515340399,18.743515883682072,0,1,Clear,325
2023-01-25 10:00:00,7.275899843259918,71.70867324285562,2.153274186795391,0,1,Clear,134
2023-01-25 11:00:00,8.866391657319477,54.259126086257524,20.47851663670207,0,0,Clear,127
2023-01-25 12:00:00,8.841375168733173,55.69197689553688,7.257950409465888,0,1,Rainy,244
2023-01-25 13:00:00,9.55708080536883,73.05586593949057,21.418578975197693,0,1,Cloudy,54
2023-01-25 14:00:00,9.164815179482304,71.54616907946217,24.676043831525902,1,0,Clear,0
2023-01-25 15:00:00,24.226242344096438,89.4753596221313,24.118755226575608,0,1,Clear,254
2023-01-25 16:00:00,10.456402531974344,37.703657367247516,16.575029022236674,0,1,Clear,329
2023-01-25 17:00:00,15.370018499715897,36.24657896304998,15.605096769322536,0,1,Rainy,402
2023-01-25 18:00:00,31.903652297180354,73.46032902772447,4.2862788401823515,0,1,Clear,473
2023-01-25 19:00:00,19.21884920788617,64.70321502038455,23.260384512094067,0,1,Clear,306
2023-01-25 20:00:00,25.026732155630814,46.44963999358835,8.142281413401431,0,1,Clear,543
2023-01-25 21:00:00,10.169596136048895,34.765162139339196,14.900862684538396,0,1,Cloudy,247
2023-01-25 22:00:00,10.768670564260123,35.13949497578583,8.528222787825502,0,1,Cloudy,333
2023-01-25 23:00:00,6.226058487994366,83.6514524798471,4.014850889990794,0,1,Cloudy,50
2023-01-26 00:00:00,10.068051892164936,41.512039483124575,18.886730906752096,0,0,Clear,200
2023-01-26 01:00:00,13.35771017095876,49.40229372693125,1.629961044687115,0,1,Clear,408
2023-01-26 02:00:00,10.310314528302404,43.59938413361928,22.459357023785998,0,1,Clear,231
2023-01-26 03:00:00,7.661076012711669,51.29977834991624,9.5276038578335,0,1,Cloudy,205
2023-01-26 04:00:00,8.619076133018025,34.1654305647656,0.004040790134559602,0,1,Clear,333
2023-01-26 05:00:00,18.823363040981775,61.14358745449622,15.333874177116893,0,1,Clear,291
2023-01-26 06:00:00,11.190011552173775,34.05675381553289,1.4055572558280938,0,1,Cloudy,376
2023-01-26 07:00:00,15.928095831442263,78.0213904693417,8.285086734626985,0,0,Cloudy,162
2023-01-26 08:00:00,20.102518125645705,44.02272491462598,21.209294623671486,1,0,Clear,165
2023-01-26 09:00:00,25.71184485888096,62.400714876270634,1.880688648655976,1,0,Clear,289
2023-01-26 10:00:00,6.179364195232968,82.8047452536875,25.18015477068007,0,1,Clear,0
2023-01-26 11:00:00,28.98231196727128,69.05264214283164,0.11459767975749324,0,0,Cloudy,361
2023-01-26 12:00:00,23.837011684727234,61.977467193080116,7.404716076057067,0,1,Cloudy,409
2023-01-26 13:00:00,7.452770958466157,49.460025186922536,22.227121684562142,0,0,Clear,182
2023-01-26 14:00:00,31.207358723203317,49.98011478349188,9.488104491879204,0,1,Clear,576
2023-01-26 15:00:00,32.626172015954396,70.1692173118914,3.056771641980406,0,1,Cloudy,419
2023-01-26 16:00:00,6.832338795645913,89.64836167327005,10.807017564012837,0,1,Cloudy,0
2023-01-26 17:00:00,13.30632944441611,69.71035139096271,8.111798591535766,0,1,Clear,228
2023-01-26 18:00:00,29.18603839379184,63.46700504220149,25.281357064816646,0,1,Clear,475
2023-01-26 19:00:00,27.44779071150975,73.83903061435477,9.400437527554294,0,1,Clear,433
2023-01-26 20:00:00,10.53563058069132,57.91233673702309,23.667974153280216,0,1,Clear,206
2023-01-26 21:00:00,11.28047970010131,33.60854055604711,26.75616434432204,0,1,Rainy,379
2023-01-26 22:00:00,16.11416308374146,63.73780895267459,13.014522587295886,0,0,Cloudy,157
2023-01-26 23:00:00,19.53568955573064,87.45751707032281,27.29829431563176,1,0,Cloudy,19
2023-01-27 00:00:00,23.54764314590888,40.51817654145958,11.319541618895785,0,1,Clear,435
2023-01-27 01:00:00,16.067409187093173,71.40029344923994,28.922352494703244,0,1,Cloudy,152
2023-01-27 02:00:00,18.876041483994438,42.05602131954339,2.678685735767188,0,1,Clear,374
2023-01-27 03:00:00,27.424128144012695,62.14966106838487,20.610577995097284,1,0,Clear,225
2023-01-27 04:00:00,6.100496086717937,35.800586978803175,14.81442121370786,0,1,Clear,266
2023-01-27 05:00:00,12.573108330320622,57.02225617549111,11.629464163669411,0,1,Clear,274
2023-01-27 06:00:00,26.400487576536573,75.36979973371476,18.981356362458026,0,0,Cloudy,265
2023-01-27 07:00:00,31.85620513061598,50.85429145433893,21.115712749029935,0,1,Clear,514
2023-01-27 08:00:00,20.350323263469985,69.89470346923308,0.13089808950927262,0,1,Clear,346
2023-01-27 09:00:00,20.96340455795947,77.72699764738375,5.008592662415961,0,1,Clear,236
2023-01-27 10:00:00,8.215160340193282,85.63066916876716,21.39138151902956,0,0,Clear,0
2023-01-27 11:00:00,18.42237100470364,44.078524911327214,19.991562407346194,0,1,Clear,381
2023-01-27 12:00:00,20.978517993650694,53.958954948558485,28.981425153860314,1,0,Clear,133
2023-01-27 13:00:00,12.27411510904189,39.14496079982504,22.83113370752349,0,1,Cloudy,399
2023-01-27 14:00:00,13.077296928481429,89.54901012950252,28.523181231940143,0,1,Clear,1
2023-01-27 15:00:00,16.31852489313868,85.62005807545772,21.076215046044208,0,1,Clear,97
2023-01-27 16:00:00,5.602135933331791,62.39742781683358,8.941566259183295,0,1,Clear,90
2023-01-27 17:00:00,14.66237496749535,80.52199766258528,3.1609476675256944,1,0,Cloudy,4
2023-01-27 18:00:00,11.34344020989634,61.25747863632253,23.454715900348067,0,1,Clear,215
2023-01-27 19:00:00,14.82492056533744,67.41514128016559,19.32447664427748,0,0,Clear,164
2023-01-27 20:00:00,8.592863954577536,35.347465926961,1.4455803717988869,0,1,Clear,476
2023-01-27 21:00:00,31.715818422196847,75.31622522980848,10.80151397702935,0,1,Clear,354
2023-01-27 22:00:00,22.80777360662146,37.66280901811409,28.703994464528584,0,1,Clear,498
2023-01-27 23:00:00,25.37306957433469,79.5640578151517,15.012034371306036,0,1,Cloudy,310
2023-01-28 00:00:00,28.67513715822015,76.92168526022316,12.981874080591139,0,1,Cloudy,377
2023-01-28 01:00:00,19.95326596787172,72.52468186457858,13.730988154778819,1,0,Clear,64
2023-01-28 02:00:00,7.6076086426227105,32.169622831485725,6.2664817201549115,0,0,Cloudy,189
2023-01-28 03:00:00,21.113196254556435,48.187701356719714,11.061215125943857,0,1,Cloudy,527
2023-01-28 04:00:00,22.605233540626372,45.78675419465057,11.094397679615298,0,1,Clear,519
2023-01-28 05:00:00,27.3631842255299,51.60818444829115,1.570650605624172,0,1,Clear,549
2023-01-28 06:00:00,17.94978638689038,35.25856480583031,23.027028855537548,0,1,Clear,491
2023-01-28 07:00:00,8.827409083866913,86.21746938186376,12.49513295711637,0,0,Clear,0
2023-01-28 08:00:00,13.513277173961734,63.22813444274258,24.6653966044927,0,1,Cloudy,146
2023-01-28 09:00:00,15.892468891959053,48.33145863948141,25.51044003359686,0,1,Cloudy,211
2023-01-28 10:00:00,24.377517239948038,53.818891024457,6.359821640959742,0,0,Rainy,343
2023-01-28 11:00:00,22.123349140067358,56.83215243029014,19.720604465103857,1,0,Cloudy,197
2023-01-28 12:00:00,15.682901776935388,66.03566000163704,14.16845412488945,0,1,Clear,268
2023-01-28 13:00:00,34.595457463789394,60.94076566178987,26.404702137644552,0,1,Clear,542
2023-01-28 14:00:00,23.173244580706616,85.16351839286504,6.472220375293624,0,1,Cloudy,232
2023-01-28 15:00:00,12.116803752079834,59.817808974349816,20.334396009301326,0,1,Clear,262
2023-01-28 16:00:00,8.053474178612113,89.52948088939876,18.232563667581676,0,1,Cloudy,30
2023-01-28 17:00:00,9.585774175529961,81.08549746470574,8.859044327154983,0,1,Cloudy,148
2023-01-28 18:00:00,12.378731851535244,42.51063086144015,4.098027109535178,0,0,Cloudy,166
2023-01-28 19:00:00,9.82044119778667,85.83571287863498,19.549192814318296,0,1,Cloudy,75
2023-01-28 20:00:00,10.597010721539172,36.98198387312856,22.15792374396992,0,1,Clear,248
2023-01-28 21:00:00,13.552855060815412,79.04698250947149,9.4688203129005,0,1,Cloudy,160
2023-01-28 22:00:00,10.201207858842645,52.837397608594806,19.344978120669413,0,1,Cloudy,258
2023-01-28 23:00:00,31.902962738792755,82.67845922670418,11.853927228345098,0,1,Clear,434
2023-01-29 00:00:00,7.407012369849266,82.08340140644702,21.39620649847853,0,1,Cloudy,0
2023-01-29 01:00:00,20.735341687107642,78.35552400705727,5.976458246821593,0,0,Clear,202
2023-01-29 02:00:00,17.311904809689846,77.40182617842368,26.70645007908523,0,1,Rainy,116
2023-01-29 03:00:00,34.471358507258195,48.280748345882444,8.622287893967393,0,1,Clear,707
2023-01-29 04:00:00,8.36116706504157,34.85515698307513,11.033579632684587,0,0,Clear,208
2023-01-29 05:00:00,16.93566797137225,54.178810725909685,1.7427585624104935,0,1,Clear,434
2023-01-29 06:00:00,34.08411299826106,40.41147089919052,3.345366369638292,0,1,Cloudy,673
2023-01-29 07:00:00,30.965213776819407,71.69706533414771,15.475857081369844,0,1,Clear,433
2023-01-29 08:00:00,29.512162128478398,50.76598359226713,8.027780301839144,0,1,Clear,527
2023-01-29 09:00:00,12.737084811348195,88.5366120515949,25.06440677226583,0,1,Clear,117
2023-01-29 10:00:00,10.126627621701974,68.45832464071992,0.4408016596486153,0,1,Rainy,173
2023-01-29 11:00:00,25.05929659773293,79.34883381806166,11.372821460158086,0,1,Clear,377
2023-01-29 12:00:00,32.88127967382757,37.95148036451091,10.12036640307278,0,1,Clear,654
2023-01-29 13:00:00,21.702886790417892,81.72086893635735,0.5798289275280311,0,1,Cloudy,216
2023-01-29 14:00:00,22.148380684096995,85.36543143080365,3.7310519700153066,1,0,Clear,66
2023-01-29 15:00:00,13.399372809808526,59.22371512913615,12.409280247559058,0,0,Rainy,109
2023-01-29 16:00:00,28.084787995758106,66.37517626505864,14.785937533423398,0,1,Clear,447
2023-01-29 17:00:00,10.6113124567257,75.88858805417972,12.128692417646073,0,1,Cloudy,84
2023-01-29 18:00:00,14.71037709212731,40.490317635624756,15.928130352362814,0,1,Clear,417
2023-01-29 19:00:00,17.763093158492502,60.15396458780655,17.853950247170445,0,1,Clear,308
2023-01-29 20:00:00,20.228311360533652,53.919781666338785,0.2977146338350689,0,1,Cloudy,424
2023-01-29 21:00:00,12.272291972452408,38.782439529734944,13.922854783605116,0,1,Clear,381
2023-01-29 22:00:00,8.445104742176106,52.05206533749189,28.90497722662765,0,1,Cloudy,228
2023-01-29 23:00:00,23.318601273248976,34.09033856312961,15.57096840388646,0,1,Clear,532
2023-01-30 00:00:00,13.658916597207673,31.54871441696922,20.326268023768595,1,0,Clear,148
2023-01-30 01:00:00,22.437146642678368,38.109977349289366,9.355915737506496,0,1,Clear,429
2023-01-30 02:00:00,9.63088145822607,87.78690669535042,23.219741344582875,1,0,Rainy,0
2023-01-30 03:00:00,19.434203055644524,62.97177215370102,23.187644456283454,0,1,Clear,276
2023-01-30 04:00:00,20.977682976547577,87.94932966919319,15.638881429624169,0,1,Clear,233
2023-01-30 05:00:00,6.554706104672807,55.94987269980792,29.280414698376408,0,0,Clear,13
2023-01-30 06:00:00,15.098128345817617,48.70896798511558,3.766506442879601,0,1,Clear,406
2023-01-30 07:00:00,9.032440308169228,60.36851177041464,0.5084299466874298,0,1,Clear,201
2023-01-30 08:00:00,6.901249114183033,56.37070131797461,23.10474635271288,1,0,Rainy,0
2023-01-30 09:00:00,34.69880697169836,36.33988105570464,24.214666120946475,1,0,Clear,525
2023-01-30 10:00:00,14.67061534924169,68.44957888141238,3.6062168736172873,0,1,Cloudy,284
2023-01-30 11:00:00,29.296233375639044,42.96229095057598,7.967484988758182,0,0,Clear,498
2023-01-30 12:00:00,12.639219642912916,67.17527729386977,0.5265709009988673,0,1,Cloudy,222
2023-01-30 13:00:00,25.44508166671788,69.01206554388921,8.799258323416941,1,0,Rainy,179
2023-01-30 14:00:00,27.806835796690596,39.12149118771889,23.194256217560145,0,1,Clear,509
2023-01-30 15:00:00,22.869162218235328,33.680977626640086,15.538815831377368,0,1,Rainy,501
2023-01-30 16:00:00,19.14728565650475,76.84569516410639,10.442867795048642,0,1,Clear,309
2023-01-30 17:00:00,17.355227424418057,57.58802542615921,11.152178847189909,0,1,Rainy,328
2023-01-30 18:00:00,15.46604799628986,33.48982773032855,0.040608771464044624,1,0,Cloudy,197
2023-01-30 19:00:00,32.88587432743478,89.69197903018603,8.994015826957076,0,1,Clear,506
2023-01-30 20:00:00,29.918582233631874,33.466833659782,19.393762249137914,0,1,Clear,639
2023-01-30 21:00:00,33.95080731999538,71.7021137315132,29.225833314490714,0,1,Clear,393
2023-01-30 22:00:00,8.728916704566341,89.02073551580482,25.411824809516986,0,1,Clear,0
2023-01-30 23:00:00,26.92602425610933,44.350806252955536,0.7078489393658738,0,1,Clear,586
2023-01-31 00:00:00,33.150213704631135,38.53496212123177,26.95681814024518,0,1,Clear,709
2023-01-31 01:00:00,10.436991984969804,37.283096365345735,23.495952398958778,0,0,Clear,144
2023-01-31 02:00:00,6.994888021003325,48.196508854055736,23.411283707129414,1,0,Cloudy,43
2023-01-31 03:00:00,27.233619478701772,36.0627486606388,13.739872770107144,0,1,Clear,657
2023-01-31 04:00:00,22.234193395397355,71.52968050164792,11.940158788635085,0,1,Clear,309
2023-01-31 05:00:00,30.254863302748163,33.73750788780376,9.087471864995779,1,0,Cloudy,444
2023-01-31 06:00:00,9.193171298788684,60.56532768898738,1.9708457686309733,0,1,Clear,177
2023-01-31 07:00:00,28.858019355796706,89.8018112311786,6.847060904810974,0,1,Clear,353
2023-01-31 08:00:00,11.048819601432335,78.83821617036112,7.398109049340738,0,1,Clear,148
2023-01-31 09:00:00,9.909678285971136,66.91316629386066,14.522312091306048,0,0,Rainy,103
2023-01-31 10:00:00,9.927973937929789,48.3752172471967,22.42333219790082,0,0,Cloudy,194
2023-01-31 11:00:00,29.437241606941463,67.43375017749831,14.214294851938398,1,0,Clear,224
2023-01-31 12:00:00,24.955916620886004,61.6224878346991,1.7353334834148182,0,1,Cloudy,363
2023-01-31 13:00:00,20.69196274307358,55.565003033422286,28.733694029646117,0,1,Clear,345
2023-01-31 14:00:00,15.764914523705075,37.84262260441197,28.281729572823366,0,1,Cloudy,377
2023-01-31 15:00:00,31.31601622439325,83.196252914428,23.55568629445225,0,0,Cloudy,296
2023-01-31 16:00:00,16.773353222679063,56.98707892927935,29.739837046926617,0,1,Cloudy,261
2023-01-31 17:00:00,29.497983184147312,41.67735070924591,16.33446998400789,0,1,Clear,591
2023-01-31 18:00:00,18.17404725710655,52.06556105263738,28.88305050759618,0,1,Clear,401
2023-01-31 19:00:00,16.308332882747226,54.84778515173562,2.268151218502523,0,1,Clear,383
2023-01-31 20:00:00,18.88039357008819,79.65227373401245,10.97042244784114,1,0,Cloudy,33
2023-01-31 21:00:00,14.041336224924262,74.01686283368413,6.761438040202975,0,0,Clear,95
2023-01-31 22:00:00,27.428281405287535,76.15829361848039,5.874992524028101,0,0,Cloudy,305
2023-01-31 23:00:00,20.081611702774374,30.661875865718834,4.224088466780282,0,1,Rainy,617
2023-02-01 00:00:00,11.96638085440452,54.96923989078569,18.6724092469799,0,1,Clear,239
2023-02-01 01:00:00,31.987237198237054,58.88064909811942,23.439655672419153,0,0,Cloudy,414
2023-02-01 02:00:00,16.516736641196342,31.151536609383403,17.34895198261082,0,0,Cloudy,316
2023-02-01 03:00:00,21.306585833419657,45.58879252470205,4.40888128764629,0,0,Rainy,433
2023-02-01 04:00:00,32.194163328936405,75.6173893873281,24.33371309800413,0,1,Rainy,530
2023-02-01 05:00:00,23.727139877419763,38.22658234373994,19.078641214911855,1,0,Cloudy,330
2023-02-01 06:00:00,8.506941221250923,62.1186078871555,11.644971183809865,1,0,Clear,0
2023-02-01 07:00:00,33.19496370840425,42.91211232103425,20.22390886608189,1,0,Cloudy,425
2023-02-01 08:00:00,23.831241592142536,30.727246478633596,7.797149377284986,0,1,Clear,461
2023-02-01 09:00:00,15.047168439712584,44.47208745597249,10.355766254826316,0,1,Cloudy,410
2023-02-01 10:00:00,9.178162179901618,88.55242529460322,27.524575293959707,0,1,Rainy,19
2023-02-01 11:00:00,28.820755678108878,78.09222671297938,8.715135170142611,0,1,Clear,437
2023-02-01 12:00:00,23.602182677855406,87.57459865926201,14.099648044738098,0,0,Cloudy,138
2023-02-01 13:00:00,21.003832759289647,59.27124263558175,26.70423412188044,0,1,Clear,319
2023-02-01 14:00:00,31.81677749152873,36.58417192065021,21.231640508025823,0,1,Clear,610
2023-02-01 15:00:00,28.657916336735923,62.87756933842158,1.8660967849410826,0,1,Clear,561
2023-02-01 16:00:00,9.550246391982535,57.26264007359765,4.4190913283691104,0,1,Cloudy,225
2023-02-01 17:00:00,14.351662033866447,80.66142496437696,0.23524772315750453,0,1,Rainy,315
2023-02-01 18:00:00,12.454674194433972,35.88495484705467,18.927653706874903,0,1,Rainy,372
2023-02-01 19:00:00,27.31838877718031,59.294468221306694,13.43020276231255,0,1,Clear,409
2023-02-01 20:00:00,6.005973042073381,39.00291988163906,4.028245527068266,0,1,Cloudy,277
2023-02-01 21:00:00,22.096690546139495,49.480555613403595,28.738023631703115,0,1,Cloudy,365
2023-02-01 22:00:00,27.873760572220718,74.24142464326798,15.889791718368597,0,1,Clear,290
2023-02-01 23:00:00,31.302969102852483,58.56108776212599,7.256798823386675,0,0,Clear,535
2023-02-02 00:00:00,15.262452461477224,52.55329710874616,15.018107134641227,0,1,Clear,356
2023-02-02 01:00:00,29.637719140160385,53.66857671420212,20.388609982053232,0,1,Rainy,542
2023-02-02 02:00:00,8.318952108656216,57.5668061043592,2.2871765392069343,0,0,Cloudy,138
2023-02-02 03:00:00,30.393568752035545,77.10099263022342,8.24111445143676,1,0,Cloudy,177
2023-02-02 04:00:00,8.824659869959472,83.52508133641406,24.20896472651981,0,1,Clear,18
2023-02-02 05:00:00,16.918618716811018,87.3200811902357,13.789946112079837,0,1,Cloudy,218
2023-02-02 06:00:00,28.918860973386607,77.2142031753177,16.397314260968848,0,1,Clear,346
2023-02-02 07:00:00,9.497522820463214,48.924413744880766,12.984480066284078,1,0,Clear,0
2023-02-02 08:00:00,11.877541856979244,71.28808236519252,1.3169982792901536,0,0,Cloudy,106
2023-02-02 09:00:00,26.667577051791987,56.25618744332351,4.972493394604678,0,1,Clear,497
2023-02-02 10:00:00,26.601096096382232,45.28023732276307,13.366249162256727,0,1,Cloudy,539
2023-02-02 11:00:00,24.234428986558918,80.45229476555535,6.275563962237834,1,0,Clear,179
2023-02-02 12:00:00,25.818453334013,32.3055809377395,1.499370859790362,0,0,Cloudy,553
2023-02-02 13:00:00,21.281733300427884,84.1057195281254,25.30948992155471,0,0,Clear,136
2023-02-02 14:00:00,12.553971767208584,57.68864787748405,29.435775874923475,0,1,Clear,271
2023-02-02 15:00:00,15.370879805117584,68.23208860849682,23.794286219902183,0,1,Clear,142
2023-02-02 16:00:00,10.44793150404277,69.56123533234697,25.61354765114001,0,1,Clear,157
2023-02-02 17:00:00,32.25351684000885,83.70706444239218,7.259313909511361,0,1,Rainy,475
2023-02-02 18:00:00,22.501753842983614,68.20018093003245,28.81880926539599,0,1,Clear,248
2023-02-02 19:00:00,17.025542502909197,66.8360150856037,5.907771133602852,0,1,Cloudy,228
2023-02-02 20:00:00,18.86017410932398,33.999122433641396,28.54289431085497,0,1,Rainy,390
2023-02-02 21:00:00,33.41850018835446,61.104481316712246,29.84457881897853,1,0,Clear,273
2023-02-02 22:00:00,9.600542093482407,39.010140049022496,21.35168417238146,0,0,Clear,223
2023-02-02 23:00:00,22.586894960503916,74.24602612328914,29.43431195375466,0,1,Cloudy,249
2023-02-03 00:00:00,20.17666036653398,60.73331524876047,17.08619338701311,0,0,Rainy,205
2023-02-03 01:00:00,23.343627063039435,70.8136667525012,7.78625349528271,0,1,Rainy,342
2023-02-03 02:00:00,5.5433055146252155,32.50037403614306,13.109876569968627,0,1,Clear,337
2023-02-03 03:00:00,31.163717268324543,35.087520962748194,17.80682806136358,0,1,Cloudy,639
2023-02-03 04:00:00,32.96354847450837,72.97940328376093,2.19244686081045,0,0,Clear,414
2023-02-03 05:00:00,21.953995507676268,34.325060159920405,18.670297938517383,0,1,Rainy,496
2023-02-03 06:00:00,25.899524716306768,34.27540366591552,29.435335102868837,0,0,Rainy,493
2023-02-03 07:00:00,32.67498143531887,30.726508514093247,5.703229493511829,0,1,Clear,682
2023-02-03 08:00:00,26.21715902940196,87.39008389796881,23.7778534886515,0,0,Clear,251
2023-02-03 09:00:00,9.57617128742784,74.25050156754041,27.23696381338858,1,0,Clear,0
2023-02-03 10:00:00,22.288650805004394,51.19508451012385,28.311047784606625,0,1,Clear,385
2023-02-03 11:00:00,23.201451391485676,47.792134877259315,28.804068132163415,1,0,Cloudy,348
2023-02-03 12:00:00,17.72392013907158,50.982193784750976,15.643789161644158,0,1,Clear,311
2023-02-03 13:00:00,27.093327068741687,76.47921187087091,29.31923723974511,1,0,Clear,118
2023-02-03 14:00:00,33.03101044307044,69.68223666422486,22.719306214033168,0,0,Clear,317
2023-02-03 15:00:00,32.76705538720329,41.11173407204808,4.850143087108857,0,1,Rainy,719
2023-02-03 16:00:00,18.525181142123962,40.44656012004506,14.3070031940391,0,1,Cloudy,517
2023-02-03 17:00:00,8.397141375222658,35.90373898280384,21.54993526116012,0,1,Clear,365
2023-02-03 18:00:00,34.54523596887004,69.6181631820803,7.4202094745725,0,0,Clear,509
2023-02-03 19:00:00,30.166942593378025,75.86235973330416,19.218455506466622,0,1,Rainy,406
2023-02-03 20:00:00,8.739880436098005,45.90278569950024,19.998014371398575,0,0,Cloudy,123
2023-02-03 21:00:00,32.625256478521166,31.25669766185477,4.880992314256977,0,1,Clear,635
2023-02-03 22:00:00,31.096890861863848,34.93030004858564,16.952559373582687,0,1,Clear,743
2023-02-03 23:00:00,20.565141713782165,88.07160209070183,23.14880732935823,0,1,Clear,222
2023-02-04 00:00:00,22.738263072347877,47.72668664864521,14.966869936078258,0,1,Clear,433
2023-02-04 01:00:00,16.97008111610391,76.15338887028801,0.36309350328322276,0,1,Clear,339
2023-02-04 02:00:00,6.64284916466094,67.47981413125582,0.2711540723787653,0,1,Rainy,113
2023-02-04 03:00:00,15.055917249377028,52.91637837917376,10.710880319100365,0,0,Clear,249
2023-02-04 04:00:00,29.085603457940344,42.341235731733306,27.78582205295346,0,1,Cloudy,533
2023-02-04 05:00:00,5.138960690138086,37.283185089564384,6.860303388108263,0,1,Clear,302
2023-02-04 06:00:00,15.004975150734325,66.900778082332,19.030910666150614,0,1,Cloudy,230
2023-02-04 07:00:00,16.9450608077283,76.47802683826728,6.662276120799618,0,1,Cloudy,179
2023-02-04 08:00:00,21.121868088137685,68.63425521246783,9.650099689786458,0,1,Clear,348
2023-02-04 09:00:00,32.59566849238281,61.8181279949495,25.441262688044517,0,0,Clear,456
2023-02-04 10:00:00,15.390379830978837,32.517073405898174,21.865843268098406,0,1,Cloudy,401
2023-02-04 11:00:00,15.40859605688683,88.10932665566303,2.861978319396319,0,0,Clear,121
2023-02-04 12:00:00,27.125037443292452,77.92285149927447,12.861060629593009,0,1,Clear,326
2023-02-04 13:00:00,18.566538226694213,47.56932220205788,0.875092909357934,0,1,Clear,437
2023-02-04 14:00:00,11.738144688199458,88.79821976153104,14.42670439809027,0,1,Rainy,58
2023-02-04 15:00:00,18.5731854839808,66.11289537817933,19.873020351032043,0,1,Clear,326
2023-02-04 16:00:00,9.225710611393996,64.94535949243479,3.5550787079445465,0,1,Cloudy,205
2023-02-04 17:00:00,10.2916095951867,74.88439076577193,8.66654816727497,0,0,Clear,88
2023-02-04 18:00:00,19.951033182184393,78.70618728540825,11.935098765064708,0,1,Cloudy,324
2023-02-04 19:00:00,17.56776348513644,69.38871643989016,27.585930739681494,0,0,Clear,168
2023-02-04 20:00:00,32.445377032043,37.685744781972005,29.79765046268892,1,0,Cloudy,423
2023-02-04 21:00:00,15.871816973498994,50.296050359669906,1.3473389698684757,0,1,Clear,333
2023-02-04 22:00:00,22.417650508341303,85.68501841956298,22.830237704861762,1,0,Cloudy,39
2023-02-04 23:00:00,23.96792863758591,43.476936710631115,11.151721992070296,0,1,Cloudy,482
2023-02-05 00:00:00,5.392833697650009,52.3300214302508,11.7737455868844,0,1,Clear,167
2023-02-05 01:00:00,24.906121160501318,55.92461297665176,22.62794920041068,0,1,Clear,407
2023-02-05 02:00:00,10.341079006092542,56.36429938166713,27.552792964362258,0,1,Clear,142
2023-02-05 03:00:00,33.832109524083656,66.77637494967153,28.527857835076453,0,0,Clear,290
2023-02-05 04:00:00,9.459881832593389,86.58455026468246,17.313677581149623,0,0,Cloudy,0
2023-02-05 05:00:00,17.438723711810713,44.4415627099503,10.713634779015084,0,1,Clear,417
2023-02-05 06:00:00,7.560490042359316,37.290082578055085,23.626472575763376,1,0,Clear,0
2023-02-05 07:00:00,34.90622755537842,41.84822939159624,7.530041497869008,0,0,Cloudy,593
2023-02-05 08:00:00,20.06585030993728,83.21549401255616,16.92222086500553,0,1,Clear,329
2023-02-05 09:00:00,22.861550519601312,68.74864875931236,10.757353845746195,0,0,Clear,318
2023-02-05 10:00:00,7.012294321652824,47.15440735434961,19.698932211236283,0,1,Clear,292
2023-02-05 11:00:00,27.498814111975335,78.95681633811704,7.211967386805207,0,1,Rainy,416
2023-02-05 12:00:00,11.297167792867572,81.68219978180616,5.7477883720447736,0,1,Cloudy,202
2023-02-05 13:00:00,31.941628683221413,80.79086032141669,27.547172600263114,1,0,Cloudy,156
2023-02-05 14:00:00,11.154189214460215,85.13559201837327,3.0541104884861072,0,1,Clear,100
2023-02-05 15:00:00,10.720631619909998,45.134461210401696,15.17873723204795,0,0,Cloudy,53
2023-02-05 16:00:00,6.096490035442846,75.3025157247767,6.625583488890268,0,0,Clear,54
2023-02-05 17:00:00,19.162008353299978,57.6323698364484,1.1678988997700235,0,1,Clear,473
2023-02-05 18:00:00,21.945233997878493,80.5199131734037,1.0805645487427917,0,1,Clear,296
2023-02-05 19:00:00,6.971259182850571,73.70944062969679,5.25665316317482,0,1,Clear,108
2023-02-05 20:00:00,28.26582850085032,76.58684678998348,26.003110635180008,0,1,Clear,325
2023-02-05 21:00:00,18.598665042440828,69.3697102608643,8.4743623193108,0,1,Clear,326
2023-02-05 22:00:00,20.731708079827403,40.645726168182414,28.51377511725887,0,0,Clear,378
2023-02-05 23:00:00,18.222882408146845,62.7016151338163,17.448668789675807,0,1,Clear,220
2023-02-06 00:00:00,17.02289182625978,89.0801843714705,13.098425693062982,0,1,Cloudy,191
2023-02-06 01:00:00,21.789209939246536,86.24328398982713,17.402665040083637,0,1,Clear,230
2023-02-06 02:00:00,9.657207377921376,32.5904241478207,15.500951556788033,0,1,Cloudy,341
2023-02-06 03:00:00,10.457843914858135,39.888888943766226,22.763287612719754,0,0,Clear,212
2023-02-06 04:00:00,30.85356863040552,37.903726407273716,8.474881979185568,0,1,Cloudy,638
2023-02-06 05:00:00,33.38346386400898,73.55879459911773,10.591511748009072,0,1,Clear,496
2023-02-06 06:00:00,16.199279488392587,79.0671197914167,26.82282907599752,0,1,Clear,156
2023-02-06 07:00:00,13.122340194306613,42.81068197864032,28.393695394512164,0,0,Clear,246
2023-02-06 08:00:00,24.319986297170473,60.35116157710974,26.776746824594234,0,0,Cloudy,304
2023-02-06 09:00:00,17.26202513294289,80.44218168067201,12.583439818719407,0,1,Cloudy,230
2023-02-06 10:00:00,5.761590669810346,73.96809268597504,23.41096509020645,0,1,Clear,0
2023-02-06 11:00:00,9.68457792098571,62.5342323295109,14.290071999032964,0,1,Clear,171
2023-02-06 12:00:00,26.479166865421927,65.42086142752638,14.926195564383066,0,1,Cloudy,470
2023-02-06 13:00:00,24.76771825730454,60.5016328149768,6.140403271718519,1,0,Cloudy,252
2023-02-06 14:00:00,5.812879775104505,47.85290707912923,17.733909097755493,0,1,Clear,228
2023-02-06 15:00:00,11.659164857988483,63.90131957154097,5.584076932600438,0,1,Clear,327
2023-02-06 16:00:00,11.932243897642142,71.33311812300545,9.946940972015813,0,1,Clear,244
2023-02-06 17:00:00,25.15678230796185,82.39937495164845,25.650906048598053,0,1,Cloudy,293
2023-02-06 18:00:00,5.591316132630925,68.17748123875488,6.212274276325656,1,0,Clear,0
2023-02-06 19:00:00,8.123257459537216,75.66729222258948,2.134748555202984,0,0,Rainy,0
2023-02-06 20:00:00,28.99748256119568,39.60429809727438,2.0702277783844893,1,0,Clear,422
2023-02-06 21:00:00,10.356339861630008,57.693448465187394,28.223535615093237,1,0,Clear,0
2023-02-06 22:00:00,24.58238323555624,30.559897189625598,15.207613138855038,1,0,Clear,390
2023-02-06 23:00:00,12.145483431401797,44.80073187129738,12.28236215451055,0,1,Rainy,314
2023-02-07 00:00:00,7.983241782780355,73.5877029067803,24.326357430237554,0,0,Cloudy,0
2023-02-07 01:00:00,12.295165729983623,89.5085970809618,25.07477783731548,0,1,Clear,0
2023-02-07 02:00:00,26.668007955669776,35.95068597523296,9.965730993468139,0,1,Cloudy,543
2023-02-07 03:00:00,30.67089404318857,54.08965895167729,20.808541724213857,0,0,Clear,451
2023-02-07 04:00:00,29.906595937009747,78.00425812194958,23.1336844755566,0,1,Clear,475
2023-02-07 05:00:00,16.915505888553646,42.242138077733934,19.639520605978635,0,1,Clear,379
2023-02-07 06:00:00,25.042554097119385,63.30509695813718,4.547852244002981,0,1,Clear,462
2023-02-07 07:00:00,11.149528862474629,73.98427776178049,26.276492505511712,0,0,Clear,66
2023-02-07 08:00:00,13.794431907830397,66.95912701561075,16.17283658208026,0,0,Rainy,83
2023-02-07 09:00:00,31.890074555633593,41.28148407692497,8.474172791100111,0,1,Clear,665
2023-02-07 10:00:00,5.390057705322081,51.323074121144366,12.756845563130817,0,0,Rainy,49
2023-02-07 11:00:00,7.565255925634043,77.02750706912383,1.1271327119672214,0,1,Clear,168
2023-02-07 12:00:00,11.23658765438082,63.253590847921,3.8360040366725268,0,0,Cloudy,148
2023-02-07 13:00:00,5.795966116214592,30.313776812574766,22.966402515475824,0,1,Clear,281
2023-02-07 14:00:00,10.443063052693919,75.65944560168563,0.0003490426609842334,1,0,Clear,0
2023-02-07 15:00:00,22.491246829090766,32.118681296414344,12.496974854468766,0,1,Clear,575
2023-02-07 16:00:00,17.64273651777494,74.74402696387394,15.675305432567653,0,1,Clear,348
2023-02-07 17:00:00,31.780151332309245,42.14883360991424,1.6390326000291688,0,0,Cloudy,511
2023-02-07 18:00:00,29.523306852153226,87.48440880716281,29.192344889169984,0,1,Clear,301
2023-02-07 19:00:00,15.25452055093628,52.07644507812507,6.783759937490158,0,1,Cloudy,360
2023-02-07 20:00:00,12.782703002938774,49.615896980284745,9.125961589088426,0,1,Clear,356
2023-02-07 21:00:00,16.390772245018006,38.93328301994668,9.11827536765082,0,1,Clear,396
2023-02-07 22:00:00,22.708848275444232,48.33625292941289,6.912499863520497,0,1,Clear,337
2023-02-07 23:00:00,13.041909224686288,82.59904570969204,0.04421466258934248,0,1,Rainy,250
2023-02-08 00:00:00,23.72446723547402,89.78006025763484,21.88034382263989,0,1,Cloudy,279
2023-02-08 01:00:00,17.282349565737213,52.0985718304109,29.00536499397856,1,0,Clear,25
2023-02-08 02:00:00,21.561415425559407,56.916637857272555,6.7288044985513515,1,0,Clear,188
2023-02-08 03:00:00,18.0837958740595,73.32425629216422,19.891415754102674,0,1,Clear,323
2023-02-08 04:00:00,13.83397278625753,83.17174682790447,22.256889808761454,0,1,Rainy,197
2023-02-08 05:00:00,33.4535992088647,65.58266005120704,25.45276137271574,0,1,Cloudy,544
2023-02-08 06:00:00,27.908173824792826,53.49154189066976,12.678875910408273,0,1,Clear,504
2023-02-08 07:00:00,9.203395272993577,54.75731045091742,9.087927169212877,0,1,Clear,241
2023-02-08 08:00:00,31.054039276937385,71.73708878980841,9.758854020690933,1,0,Clear,271
2023-02-08 09:00:00,19.62293594748541,30.193095816256722,21.378639992955385,0,1,Rainy,536
2023-02-08 10:00:00,31.83656680682274,67.17536024759045,24.50338399516908,0,1,Clear,424
2023-02-08 11:00:00,28.995657678419455,51.329580626481444,5.44841903269808,0,1,Cloudy,522
2023-02-08 12:00:00,17.756405134077003,77.65183987662506,11.128230244732956,1,0,Clear,95
2023-02-08 13:00:00,5.674079249603522,35.57943838938793,27.0582059024745,0,1,Cloudy,224
2023-02-08 14:00:00,13.060320781548382,65.29213601690343,24.200805590842176,0,1,Cloudy,266
2023-02-08 15:00:00,21.249026439826007,58.858373393167426,29.545752082874273,0,1,Cloudy,302
2023-02-08 16:00:00,24.00434659478442,68.53953155431364,22.627447790462423,0,1,Cloudy,347
2023-02-08 17:00:00,12.73663056299607,33.8912156689781,11.795856030837669,0,1,Cloudy,340
2023-02-08 18:00:00,9.180682222184725,64.79902724568788,17.719135019839133,1,0,Clear,0
2023-02-08 19:00:00,30.047907103978975,63.689075277571426,19.83042762741961,0,1,Clear,399
2023-02-08 20:00:00,34.532065421106566,63.639605664970254,2.3536744895137183,0,1,Clear,568
2023-02-08 21:00:00,20.770705469080575,66.20925999578729,16.334908773115952,0,1,Rainy,260
2023-02-08 22:00:00,10.150378575449105,70.58807623358173,21.279624854178287,0,1,Clear,170
2023-02-08 23:00:00,13.169219795581068,78.29933998084618,5.019639120031812,0,1,Cloudy,227
2023-02-09 00:00:00,5.551720296424002,46.18924320769286,23.418951522766715,0,1,Cloudy,96
2023-02-09 01:00:00,32.42896419681497,79.50296461080373,17.51318341542335,0,1,Clear,503
2023-02-09 02:00:00,8.532532486704234,59.89534093580722,28.56665357092784,0,1,Clear,268
2023-02-09 03:00:00,22.295494265427607,34.62349674805987,1.2726689462067509,0,1,Clear,560
2023-02-09 04:00:00,13.22165662061618,33.51305575463875,7.959784126664009,0,1,Clear,375
2023-02-09 05:00:00,21.6253400754738,50.05429912176365,18.04661637899472,1,0,Clear,361
2023-02-09 06:00:00,24.542611650555926,77.09381862668805,8.896797366177921,0,1,Clear,290
2023-02-09 07:00:00,29.892254111216047,72.46085608445495,21.432724922137265,0,1,Cloudy,423
2023-02-09 08:00:00,11.192638152818096,77.31689788034438,22.77015847565793,0,1,Rainy,122
2023-02-09 09:00:00,5.3298748597544146,61.03614338649656,3.0754789219942333,0,1,Clear,233
2023-02-09 10:00:00,9.106568902064218,56.41193987732943,15.415633926203032,0,1,Clear,226
2023-02-09 11:00:00,32.00055925544315,38.84715160237704,15.266716667731677,0,1,Clear,615
2023-02-09 12:00:00,31.216702326875456,49.69156521655869,11.078423106466232,0,1,Cloudy,539
2023-02-09 13:00:00,22.922393065109247,56.04116197043252,27.987745877090163,0,1,Cloudy,363
2023-02-09 14:00:00,23.0155058130096,35.31602578077703,24.825189596196637,0,1,Clear,444
2023-02-09 15:00:00,24.951100236387664,43.236717162672676,20.916281457289102,0,0,Clear,398
2023-02-09 16:00:00,10.261138358703487,65.89351764382432,21.429799072049928,1,0,Cloudy,0
2023-02-09 17:00:00,32.43235837774879,74.13978685435139,13.851484314393574,0,1,Cloudy,400
2023-02-09 18:00:00,17.563115746762193,89.90085068357698,27.629835632897276,0,1,Clear,194
2023-02-09 19:00:00,16.494155847484922,85.98679988061346,20.837862817598563,1,0,Cloudy,0
2023-02-09 20:00:00,20.567531158485124,68.5539119721115,21.869431849674495,1,0,Clear,37
2023-02-09 21:00:00,6.408979003251652,55.27488319764432,25.85072711362036,0,1,Clear,134
2023-02-09 22:00:00,9.988501062682381,68.17064188249397,8.22214768026573,0,0,Cloudy,88
2023-02-09 23:00:00,27.141008492791112,77.13909708481393,24.21212711600109,0,1,Cloudy,261
2023-02-10 00:00:00,7.4839600377537945,37.10017145540324,5.857218088694761,0,1,Clear,326
2023-02-10 01:00:00,23.094563283991647,54.59429338177729,10.360258567346635,0,1,Rainy,390
2023-02-10 02:00:00,12.360473290439629,80.38813713813703,10.06831362809528,0,1,Clear,239
2023-02-10 03:00:00,16.678868421259295,53.02997711598264,29.355764051674218,0,1,Cloudy,323
2023-02-10 04:00:00,13.660812103120996,64.31233627363119,25.696116712437806,0,1,Clear,186
2023-02-10 05:00:00,15.670181493948474,65.26616165173189,21.035095847707794,0,1,Cloudy,208
2023-02-10 06:00:00,26.571377155527365,41.068575188018364,21.811702848461703,0,1,Rainy,523
2023-02-10 07:00:00,13.913651468695251,51.734126499137304,16.862183832077132,0,1,Clear,330
2023-02-10 08:00:00,21.992139208906917,50.07067732451593,28.412720013255573,0,1,Rainy,393
2023-02-10 09:00:00,19.28151206597299,31.571802511923888,14.887762586470846,0,1,Cloudy,476
2023-02-10 10:00:00,24.910134960879443,31.451505833481313,11.415531296096836,1,0,Cloudy,385
2023-02-10 11:00:00,33.10489217974274,79.90182262054641,4.89106010794773,0,1,Clear,452
2023-02-10 12:00:00,26.97716291630751,46.38424859836874,23.58616956783174,0,1,Cloudy,485
2023-02-10 13:00:00,11.448211357722704,61.084725974328926,22.033317962267745,0,1,Cloudy,96
2023-02-10 14:00:00,5.93549405183854,47.92353441532639,11.530651155724046,0,1,Clear,264
2023-02-10 15:00:00,12.867921328994752,86.44075470692043,0.7558024187768808,1,0,Rainy,0
2023-02-10 16:00:00,22.852337921007646,45.55780553194643,25.169919831540323,0,0,Clear,301
2023-02-10 17:00:00,6.542774404527511,55.779408764336104,0.342539503622209,0,1,Clear,313
2023-02-10 18:00:00,19.890987416037092,82.36381502907611,21.110993388871528,0,0,Clear,128
2023-02-10 19:00:00,22.905285467506676,80.51601400750852,29.10771329178171,0,0,Clear,102
2023-02-10 20:00:00,15.027316724508825,41.16608507077664,13.129839844446105,0,1,Cloudy,423
2023-02-10 21:00:00,28.12736611237466,78.15859858774263,7.049202149878583,0,1,Clear,430
2023-02-10 22:00:00,8.197947594013154,57.491213204273556,21.14613030130145,0,1,Rainy,192
2023-02-10 23:00:00,7.254133452074263,58.978132325121315,24.513844260467554,0,1,Clear,119
2023-02-11 00:00:00,26.8456626861081,38.008798344956624,16.39290948233542,0,1,Clear,586
2023-02-11 01:00:00,19.864739486185954,34.836090825427476,29.011058257684386,1,0,Clear,224
2023-02-11 02:00:00,25.65207189283208,73.6763584184259,1.550061649738833,0,1,Clear,440
2023-02-11 03:00:00,18.044820158112387,59.787669141317984,15.143867949135844,0,1,Rainy,231
2023-02-11 04:00:00,12.392060997173203,56.21104215691077,21.553618419676503,0,1,Cloudy,218
2023-02-11 05:00:00,29.573069530225993,73.7704937191438,25.87921413447537,1,0,Cloudy,283
2023-02-11 06:00:00,28.982476369069378,75.93077393946659,5.377668357233701,0,1,Clear,401
2023-02-11 07:00:00,25.840894125632804,39.53449006016121,24.000104452910442,0,1,Clear,488
2023-02-11 08:00:00,13.164354116898881,66.61350896865848,16.581212271556357,0,1,Clear,192
2023-02-11 09:00:00,22.706920006072615,38.12124493666113,11.896610459698897,0,1,Clear,454
2023-02-11 10:00:00,15.829216908200804,75.08250516174274,3.951450857372807,0,0,Clear,40
2023-02-11 11:00:00,7.747462199799024,69.41730937602837,25.958872767267373,0,1,Cloudy,80
2023-02-11 12:00:00,32.519407263867286,87.39687726500748,4.718196245391461,0,0,Clear,343
2023-02-11 13:00:00,9.104558927568842,34.13748098138527,9.293635776272977,0,1,Cloudy,335
2023-02-11 14:00:00,33.50712061462407,33.423283269075256,8.701365958873106,0,1,Clear,702
2023-02-11 15:00:00,18.380173188738674,46.93122448159201,26.14242102572563,0,1,Clear,365
